关系类型,人物1,人物2,方向,章节,上下文
兄弟,赵盾,亦卒；,↔,005_秦本纪,@康公@。  ## @康公@至@景公@  [34] @康公@%元年%。往%岁%@缪公@之卒，@晋襄公@亦卒；@襄公@之弟名@雍@，&秦&出也，在&秦&。&晋&@赵盾@欲立之，使@随会@来迎@雍@，&秦
兄弟,乃立,亡走&赵&；,↔,094_田儋列传,追之。而@田荣@怒&齐&之立@假@，乃引兵归，击逐&齐&王@假@。@假@亡走&楚&。&齐&$相$@角@亡走&赵&；@角@弟@田间@前求救&赵&，因留不敢归。@田荣@乃立@田儋@子@市@为&齐&王。@荣
兄弟,杀,桓公鲍,↔,036_陈杞世家,君@隐公@。  ## @厉公篡位与陈敬仲奔齐@  [8.8] %三十八年%%正月%%甲戌%%己丑%，@桓公鲍@卒。@桓公弟@佗@，其母~蔡女~，故~蔡人~为@佗@杀@五父@及@桓公@$太子$@免@而立
兄弟,招,哀公,↔,036_陈杞世家,郑&，长姬生$悼太子$@师@，少姬生@偃@。二嬖妾，长妾生@留@，少妾生@胜@。@留@有宠@哀公@，@哀公@属之其弟$司徒$@招@。@哀公@病，%三月%，@招@杀$悼太子$，立@留@为$太子$。@哀公
兄弟,周公,、,↔,004_周本纪,@周公@  [21] @成王@少，&周&初定〔天下〕，@周公@恐诸侯畔&周&，公乃摄行政当国。@管叔@、@蔡叔@群弟疑@周公@，与@武庚@作乱，畔&周&。@周公@奉@成王@命，伐诛@武庚@、@管叔@，
兄弟,延年,言,↔,125_佞幸列传,] @李延年@，=中山=人也。父母及身兄弟及女，皆故倡也。@延年@【坐法】腐，给事狗中。而@平阳公主@言@延年@女弟善舞，上见，心说之，及入^永巷^，而召贵@延年@。@延年@善歌，为变新声，而上方兴^
兄弟,帝南庚,帝祖丁,↔,003_殷本纪,@崩，弟@沃甲@立，是为@帝沃甲@。@帝沃甲@崩，立@沃甲@兄@祖辛@之子@祖丁@，是为@帝祖丁@。@帝祖丁@崩，立弟@沃甲@之子@南庚@，是为@帝南庚@。@帝南庚@崩，立@帝祖丁@之子@阳甲@，是为
兄弟,景驹,雍齿,↔,008_高祖本纪,公$引兵攻=丰=，不能取。  [12.12] $沛公$病，还之=沛=。  [12.13] $沛公$怨@雍齿@与=丰=子弟叛之，闻=东阳=$甯君$、@秦嘉@立@景驹@为$假王$，在=留=，乃往从之，欲请
兄弟,湣公,湣公共,↔,038_宋微子世家,，子$@宋公稽@$立。$@宋公稽@$卒，子$@丁公申@$立。$@丁公申@$卒，子$@湣公共@$立。$@湣公共@$卒，弟$@炀公熙@$立。$@炀公@$即位，$@湣公@$子@鲋祀@弑$@炀公@$而自立，曰
兄弟,李园,李园,↔,078_春申君列传,嗣养死士  [19] =楚=@考烈王@无子，@春申君@患之，求妇人宜子者进之，甚众，卒无子。=赵=人@李园@持其女弟，欲进之=楚=王，闻其不宜子，恐久毋宠。@李园@求事@春申君@为$舍人$，已而谒归，
兄弟,戴伯,幽伯,↔,035_管蔡世家, @夷伯@%二十三年%，&周&@厉王@奔于=彘=。  [27.27] %三十年%卒，弟@幽伯彊@立。@幽伯@%九年%，弟@苏@杀@幽伯@代立，是为@戴伯@。@戴伯@%元年%，&周&@宣王@已立%三岁%
兄弟,魏其侯,窦太后,↔,049_外戚世家,封@广国@为$@章武侯@$。$@长君@$前死，封其子@彭祖@为$@南皮侯@$。&吴&、&楚&反时，$@窦太后@$从昆弟子@窦婴@，任侠自喜，将兵，以军功为$@魏其侯@$。~窦氏~凡%三人%为侯。  [
兄弟,、,周公旦,↔,013_三代世表, --- | --- | --- | --- | --- | |  [r1] @成王@诵  |  鲁@周公旦@，@武王@弟。初封。  |  齐@太公@尚，@文王@、@武王@师。初封。  |  @晋唐叔
兄弟,|,燮  |  女防  |  熊乂  |,↔,013_三代世表,|  [r2] @康王@钊刑错四十余年。  |  鲁@公伯禽@  |  @丁公吕伋@  |  @晋侯@燮  |  女防  |  熊乂  |  @微仲@，启弟。  |  @康伯@  |  @申公@  |
兄弟,|  大几  |,炀公,↔,013_三代世表,  |  @太伯@  |    | |  [r4] @穆王@满。作^甫刑^。^荒服^不至。  |  @炀公@，@考公@弟。  |  @癸公@  |  @成侯@  |  大几  |  @熊胜@  |  
兄弟,|,湣公,↔,013_三代世表,伊扈  |  @幽公@  |  @哀公@  |  @厉侯@  |  @大骆@  |  熊炀  |  @湣公@，@丁公@弟。  |  疌伯  |  @慎公@  |  @厉侯@  |  宫伯  |    
兄弟,|,炀公,↔,013_三代世表,  |  @魏公@  |  @胡公@  |  @靖侯@  |  @非子@  |  @熊渠@  |  @炀公@，@湣公@弟。  |  @靖伯@  |  @幽公@  |  @武侯@  |  孝伯  |  
兄弟,公伯,献公,↔,013_三代世表,厘公  |    |  @夷伯@  |    | |  [r8] @夷王@燮，@懿王@子。  |  @献公@，@厉公@弟。  |  @武公@  |    |  @公伯@  |  熊鸷红  |  厘公 
兄弟,信陵君,魏安釐王,↔,077_魏公子列传,0] @魏公子@列传  ## @信陵君@礼贤下士  [1] @魏公子@@无忌@者，魏@昭王@子少子而@魏安釐王@异母弟也。@昭王@薨，@安釐王@即位，封公子为@信陵君@。是时@范睢@亡=魏=相=秦=，
兄弟,"曰：""",管仲,↔,032_齐太公世家,"发兵距&鲁&。%秋%，与&鲁&战于=乾时=，&鲁&兵败走，=齐=兵掩绝&鲁&归道。=齐=遗&鲁&@书@曰：""@子纠@兄弟，弗忍诛，请&鲁&自杀之。@召忽@、@管仲@雠也，请得而甘心醢之。不然，将围&鲁"
兄弟,管仲,"曰：""",↔,032_齐太公世家,"发兵距&鲁&。%秋%，与&鲁&战于=乾时=，&鲁&兵败走，=齐=兵掩绝&鲁&归道。=齐=遗&鲁&@书@曰：""@子纠@兄弟，弗忍诛，请&鲁&自杀之。@召忽@、@管仲@雠也，请得而甘心醢之。不然，将围&鲁"
兄弟,杀,齐侯,↔,032_齐太公世家,"侯於=葵丘=，益有骄色。&周&使$宰孔$会。诸侯颇有叛者。@晋侯@病，後，遇$宰孔$。$宰孔$曰：""@齐侯@骄矣，弟无行。""从之。是岁，@晋献公@卒，@里克@杀@奚齐@、@卓子@，@秦穆公@以@夫人@"
兄弟,子而立,孝公,↔,032_齐太公世家,&宋&，以其不同盟于=齐=也。%夏%，@宋襄公@卒。%七年%，@晋文公@立。  [46] %十年%，@孝公@卒，@孝公弟@潘@因@@卫公@子@开方@杀@孝公@@子而立@潘@，是为@昭公@。@昭公@，@
兄弟,鲁叔孙宣伯,立,↔,032_齐太公世家,"""必杀之。""@崔杼@曰：""民之望也，舍之得民。""  ## @景公@时期  [61] %丁丑%，@崔杼@立@庄公@异母弟@杵臼@，是为@景公@。@景公@母，@鲁叔孙宣伯@女也。@景公@立，以@崔杼@为$"
兄弟,崔杼,崔杼,↔,032_齐太公世家,"。@庆封@欲杀@晏子@，@崔杼@曰：""忠臣也，舍之。""=齐=$太史$@书@曰""@崔杼@弑@庄公@""，@崔杼@杀之。其弟复@书@，@崔杼@复杀之。少弟复@书@，@崔杼@乃舍之。  [62] @景公@%元"
兄弟,"也,伏尸哭极哀,曰:""是=轵深井里=所谓",严仲子,↔,086_刺客列传,"闻人有刺杀&韩&$相$者,贼不得,国不知其名姓,暴其尸而县之*千金*,乃於邑曰:""其是吾弟与?嗟乎,@严仲子@知吾弟!""立起,如&韩&,之市,而死者果@政@也,伏尸哭极哀,曰:""是=轵深井里=所谓@聂"
兄弟,"$%九年%,$","$,而立",↔,033_鲁周公世家,"@为&鲁&$太子$。%夏%,$@武公@$归而卒,@戏@立,是为$@懿公@$。  [9.2] $@懿公@$%九年%,$@懿公@$兄@括@之子@伯御@与&鲁&人攻弑$@懿公@$,而立@伯御@为$君$。@伯"
兄弟,子兰,顷襄王,↔,084_屈原贾生列传,"怀王@$怒,不听。亡走&赵&,&赵&不内。复之&秦&,竟死於&秦&而归葬。  [4.2] @长子@$@顷襄王@$立,以其弟$@子兰@$为$令尹$。&楚&人既咎$@子兰@$以劝$@怀王@$入&秦&而不反"
兄弟,成侯,少子而,↔,075_孟尝君列传,郭君@田婴@封薛  [1] @孟尝君@名文，姓@田氏@。文之父曰靖郭君@田婴@。@田婴@者，@齐威王@少子而@齐宣王@庶弟也。@田婴@自@威王@时任职用事，与@成侯@@邹忌@及@田忌@将而救=韩=伐=
出使,卿$岂有意哉?,秦舞阳,→,086_刺客列传,"待,欲与俱;其人居远未来,而为治行。顷之,未发,$太子$迟之,疑其改悔,乃复请曰:""日已尽矣,$@荆@卿$岂有意哉?@丹@请得先遣@秦舞阳@。""@荆轲@怒,叱$太子$曰:""何$太子$之遣?往而不返者,"
出使,良,良,→,055_留侯世家,汉$王$亦因^令^@良@厚遗@项伯@，使请&汉&中地。项$王$乃许之，遂得&汉&中地。汉$王$之国，@良@送至襃中，遣@良@归=韩=。@良@因说汉$王$曰：“$王$何不烧绝所过*栈道*，示〔天下〕无还
叔侄,、,西伯昌,→,061_伯夷列传,"齐@让@伯夷@。@伯夷@曰：""父命也。""遂逃去。@叔齐@亦不肯立而逃之。国人立其$中子$。於是@伯夷@、@叔齐@闻@西伯昌@善养老，盍往归焉。及至，@西伯@卒，@武王@载木主，号为@文王@，东伐纣。@"
叔侄,由余,"於&宋&,来",→,087_李斯列传,"李斯@议亦在逐中。@斯@乃上书曰:  [4.2] 臣闻吏议逐客,窃以为过矣。昔$@缪公@$求士,西取@由余@於&戎&,东得@百里奚@於=宛=,迎@蹇叔@於&宋&,来@丕豹@、@公孙支@於&晋&。此五子"
叔侄,相,鲜,→,130_太史公自序,祸乱。嘉〚甘棠〛之《诗》，作燕〔世家〕第四。  ## [54] 管蔡世家 [54.1] @管@、@蔡@相@武庚@，将宁旧&商&；及@旦@摄政，二叔不飨；杀@鲜@放@度@，@周公@为盟；@大任@十子，&
叔侄,徵舒,舒,→,036_陈杞世家,杀@灵公@。@孔宁@、@仪行父@皆奔&楚&，@灵公@$太子$@午@奔&晋&。@徵舒@自立为$陈侯$。@徵舒@，故&陈&$大夫$也。@夏姬@，@御叔@之妻，@舒@之母也。  ## @楚庄王伐陈立成公@ 
叔侄,郑君,"曰：""君",→,039_晋世家,"君曰：""&晋&公子贤，而其从者皆国$相$，且又同姓。&郑&之出自@厉王@，而&晋&之出自@武王@。""@郑君@曰：""诸侯亡公子过此者众，安可尽礼！""@叔瞻@曰：""君@不礼@，不如杀之，且後为国患。""@郑"
叔侄,高圉,公叔祖类,→,004_周本纪,仆@卒，子@差弗@立。@差弗@卒，子@毁隃@立。@毁隃@卒，子@公非@立。@公非@卒，子@高圉@立。@高圉@卒，子@亚圉@立。@亚圉@卒，子@公叔祖类@立。@公叔祖类@卒，子@古公亶父@立。  [4.
叔侄,周公,群弟疑,→,004_周本纪,，是为@成王@。  ---  ## @成王@与@周公@  [21] @成王@少，&周&初定〔天下〕，@周公@恐诸侯畔&周&，公乃摄行政当国。@管叔@、@蔡叔@群弟疑@周公@，与@武庚@作乱，畔&周&。
叔侄,$封,蔡叔,→,038_宋微子世家,乃释@微子@，复其位如故。   ## [4] @武王@封@武庚@与访@箕子@  [4.6] $@武王@$封@纣@子@武庚禄父@以续&殷&祀，使$@管叔@$、$@蔡叔@$傅相之。  [5.7] $@武王
叔侄,周公,蔡叔,→,038_宋微子世家,@周公旦@代行政当国。$@管叔@$、$@蔡叔@$疑之，乃与@武庚@作乱，欲袭$@成王@$、@周公@。@周公@既承$@成王@$命诛@武庚@，杀$@管叔@$，放$@蔡叔@$，乃命@微子开@代&殷&後，奉其
叔侄,管仲,鲍叔,→,062_管晏列传,# [0] 管晏列传  ## @管仲@早年  [1] @管仲@@夷吾@者，=颍上=人也。少时常与@鲍叔牙@游，@鲍叔@知其贤。@管仲@贫困，常欺@鲍叔@，@鲍叔@终善遇之，不以为言。已而@鲍叔@事齐@
叔侄,立为,管仲,→,062_管晏列传,欺@鲍叔@，@鲍叔@终善遇之，不以为言。已而@鲍叔@事齐@公子小白@，@管仲@事@公子纠@。及@小白@立为@桓公@，@公子纠@死，@管仲@囚焉。@鲍叔@遂进@管仲@。@管仲@既用，任^政^於=齐=，@
叔侄,$使,婴,→,043_赵世家,"""@赵武@死，谥为$@文子@$。  [5.3] $@文子@$生@景叔@。@景叔@之时，&齐&$@景公@$使@晏婴@於&晋&，@晏婴@与&晋&@叔向@语。@婴@曰：""&齐&之政後卒归@田@氏。""@叔向@"
叔侄,长子曰,周公旦,→,035_管蔡世家,@蔡叔度@者，@周文王@子而@武王@弟也。@武王@同母兄弟%十人%。母曰@太姒@，@文王@正妃也。其@长子曰@伯邑考@，次曰@武王发@，次曰@管叔鲜@，次曰@周公旦@，次曰@蔡叔度@，次曰@曹叔振铎@
叔侄,蔡叔度,霍叔处,→,035_管蔡世家,@太姒@，@文王@正妃也。其@长子曰@伯邑考@，次曰@武王发@，次曰@管叔鲜@，次曰@周公旦@，次曰@蔡叔度@，次曰@曹叔振铎@，次曰@成叔武@，次曰@霍叔处@，次曰@康叔封@，次曰@厓季载@。@厓季
叔侄,子比,子比,→,040_楚世家,"後立，为@平王@，竟续&楚&祀，如其神符。  ## @叔向@论@子比@不能立  [45.49] 初，@子比@自&晋&归，@韩宣子@问@叔向@曰：""@子比@其济乎？""对曰：""不就。""@宣子@曰：""同恶相"
叔侄,齐桓,宾须无,→,040_楚世家,"子也；以神所命，则又远之；民无怀焉，将何以立？""@宣子@曰：""@齐桓@、@晋文@不亦是乎？""对曰：""@齐桓@，@卫姬@之子也，有宠於@釐公@。有@鲍叔牙@、@宾须无@、@隰朋@以为辅，有&莒&、&卫&"
叔侄,文王,武王,→,013_三代世表,- | |  [r1] @成王@诵  |  鲁@周公旦@，@武王@弟。初封。  |  齐@太公@尚，@文王@、@武王@师。初封。  |  @晋唐叔@虞，@武王@子。初封。  |  秦@恶来@，助纣。父
叔侄,、,小白,→,032_齐太公世家,夫人@，杀诛数不当，淫於妇人，数欺$大臣$，群弟恐祸及，故次弟@纠@奔&鲁&。其母~鲁女~也。@管仲@、@召忽@傅之。次弟@小白@奔&莒&，@鲍叔@傅之。@小白@母，~卫女~也，有宠於@釐公@。@小白
叔侄,生,纥,→,047_孔子世家,[1.1] @孔子@生&鲁&=昌平乡陬邑=。其先&宋&人也，曰@孔防叔@。@防叔@生@伯夏@，@伯夏@生@叔梁纥@。@纥@与@颜氏@女野合而生@孔子@，祷於=尼丘=得@孔子@。&鲁&$@襄公@$%二十
叔侄,平子,$三家共攻$,→,047_孔子世家,%三十五%，而$@季平子@$与$@郈昭伯@$以斗*鸡*故得罪&鲁&$@昭公@$，$@昭公@$率师击$@平子@$，$@平子@$与$@孟氏@$、$@叔孙氏@$三家共攻$@昭公@$，$@昭公@$师败，奔於&
叔侄,$欲以$,"谏上曰：""昔者$",→,099_刘敬叔孙通列传,"$  [6.1] &汉&%九年%，$@高帝@$徙@叔孙通@为$太子太傅$。&汉&%十二年%，$@高祖@$欲以$@赵王如意@$易$太子$，@叔孙通@谏上曰：""昔者$@晋献公@$以$@骊姬@$之故废$太子"
叔侄,苏代,恐&秦&、&楚&之内,→,045_韩世家,"&必委国於公。公之所恶者@张仪@也，其实犹不无&秦&也。""於是&楚&解=雍氏=围。  [15.3] @苏代@又谓$秦太后$弟@琇@$戎$曰：""@公叔伯婴@恐&秦&、&楚&之内@虮虱@也，公何不为@韩@"
叔侄,求质子於&楚&？$楚王$听入质子於,知&秦&、&楚&之不以,→,045_韩世家," @苏代@又谓$秦太后$弟@琇@$戎$曰：""@公叔伯婴@恐&秦&、&楚&之内@虮虱@也，公何不为@韩@求质子於&楚&？$楚王$听入质子於@韩@，则@公叔伯婴@知&秦&、&楚&之不以@虮虱@为事，必以@"
叔侄,周公,"及其群弟流言於国曰:""",→,033_鲁周公世家,"1] 其後$@武王@$既崩,$@成王@$少,在强葆之中。@周公@恐〔天下〕闻$@武王@$@崩而@畔,@周公@乃践阼代$@成王@$摄行政当国。@管叔@及其群弟流言於国曰:""@周公@将不利於$@成王@$。"
叔侄,成王,武庚,→,033_鲁周公世家," [4] @周公@平定叛乱  [4.1] @管@、@蔡@、@武庚@等果率~淮夷~而反。@周公@乃奉$@成王@$命,兴师东伐,作^大诰^。遂诛@管叔@,杀@武庚@,放@蔡叔@。收&殷&馀民,以封@康叔@"
叔侄,蔡叔,"於&卫&,封",→,033_鲁周公世家,"@等果率~淮夷~而反。@周公@乃奉$@成王@$命,兴师东伐,作^大诰^。遂诛@管叔@,杀@武庚@,放@蔡叔@。收&殷&馀民,以封@康叔@於&卫&,封@微子@於&宋&,以奉&殷&祀。宁~淮夷~东土,%二"
叔侄,"$,$",周公,→,033_鲁周公世家,"年%而毕定。诸侯咸服宗&周&。  [4.2] 〚天〛降祉福,@唐叔@得〘禾〙,异母同颖,献之$@成王@$,$@成王@$命@唐叔@以餽@周公@於东土,作^餽禾^。@周公@既受命〘禾〙,嘉$天子$命,作^"
叔侄,$取&齐&女为$夫人$曰,开,→,033_鲁周公世家,"@未得杀。会$@庄公@$有疾。$@庄公@$有三弟,长曰@庆父@,次曰@叔牙@,次曰@季友@。$@庄公@$取&齐&女为$夫人$曰@哀姜@。@哀姜@无子。@哀姜@娣曰@叔姜@,生子@开@。$@庄公@$无適"
叔侄,",欲立其子",叔牙,→,033_鲁周公世家,"女为$夫人$曰@哀姜@。@哀姜@无子。@哀姜@娣曰@叔姜@,生子@开@。$@庄公@$无適嗣,爱@孟女@,欲立其子@斑@。$@庄公@$病,而问嗣於弟@叔牙@。@叔牙@曰:""一继一及,&鲁&之常也。@庆父"
叔侄,"在,可为嗣,$君$何忧?""$",庆父,→,033_鲁周公世家,"@,欲立其子@斑@。$@庄公@$病,而问嗣於弟@叔牙@。@叔牙@曰:""一继一及,&鲁&之常也。@庆父@在,可为嗣,$君$何忧?""$@庄公@$患@叔牙@欲立@庆父@,退而问@季友@。@季友@曰:""请以死"
叔侄,"曰:""请以死立",庆父,→,033_鲁周公世家,"之常也。@庆父@在,可为嗣,$君$何忧?""$@庄公@$患@叔牙@欲立@庆父@,退而问@季友@。@季友@曰:""请以死立@斑@也。""$@庄公@$曰:""曩者@叔牙@欲立@庆父@,柰何?""@季友@以$@庄公@"
叔侄,季氏,戾,→,033_鲁周公世家,"@久矣,为徒者众,众将合谋。""弗听。@郈氏@曰:""必杀之。""@叔孙氏@之$臣$@戾@$谓其众曰:""无@季氏@与有,孰利?""皆曰:""无@季氏@是无@叔孙氏@。""@戾@曰:""然,救@季氏@!""遂败公师。@"
叔侄,季氏,"胜,亦杀",→,033_鲁周公世家,"$@戾@$谓其众曰:""无@季氏@与有,孰利?""皆曰:""无@季氏@是无@叔孙氏@。""@戾@曰:""然,救@季氏@!""遂败公师。@孟懿子@闻@叔孙氏@胜,亦杀@郈昭伯@。@郈昭伯@为公使,故@孟氏@得之。三"
叔侄,"曰:""&齐&$","见公还,见",→,033_鲁周公世家,"@$曰:""请致*千社*待$君$。""@子家@曰:""弃@周公@之业而$臣$於&齐&,可乎?""乃止。@子家@曰:""&齐&$@景公@$无信,不如早之&晋&。""弗从。@叔孙@见公还,见@平子@,@平子@顿首。初"
叔侄,景公,"立,是为$",→,033_鲁周公世家,"$@共公@$%二十二年%卒,子@屯@立,是为$@康公@$。$@康公@$%九年%卒,子@匽@立,是为$@景公@$。$@景公@$%二十九年%卒,子@叔@立,是为$@平公@$。是时^六国^皆称$王$。  ["
叔侄,成王,蔡叔,→,037_卫康叔世家,@成王@$治，当国。@管叔@、@蔡叔@疑@周公@，乃与@武庚禄父@作乱，欲攻=成周=。@周公旦@以$@成王@$命兴师伐&殷&，杀@武庚禄父@、@管叔@，放@蔡叔@，以@武庚@&殷&馀民封@康叔@为&卫
叔侄,惧,"曰：""必求&殷&之贤人君",→,037_卫康叔世家,"以@武庚@&殷&馀民封@康叔@为&卫&$君$，居=河=、=淇=间故&商&墟。  [3.3] @周公旦@惧@康叔@齿少，乃申告@康叔@曰：""必求&殷&之贤人君@子长@者，问其先&殷&所以兴，所以亡，而务"
叔侄,蘧瑗,公子朝,→,031_吴太伯世家,"，难将至矣，政必及子。子为政，慎以礼。不然，&郑&国将败。""  [12.2] 去&郑&，適&卫&。说@蘧瑗@、@史狗@、@史@、@公子荆@、@公叔发@、@公子朝@曰：  > ""&卫&多〔君子〕，未有患"
君臣,信,信,→,092_淮阴侯列传,"韩信@也。""上复骂曰：""诸将亡者以%十数%，公无所追；追@信@，诈也。""@何@曰：""诸将易得耳。至如@信@者，国士无双。王必欲长王&汉&中，无所事@信@；必欲争〔天下〕，非@信@无所与计事者。顾王策安"
君臣,何,信,→,092_淮阴侯列传,"奇之。至=南郑=，诸$将行$道亡者%数十人%，@信@度@何@等已数言上，上不我@用@，即亡。@何@闻@信@亡，不及以闻，自追之。人有言上曰：""$丞相@何@$亡。""上大怒，如失左右手。居%一二日%，@何"
君臣,庄襄王,庄襄王,任,087_李斯列传,"士之情也。故@斯@将西说&秦&王矣。""  ## [3] 入秦说@秦王@  [3.1] 至&秦&,会$@庄襄王@$卒,@李斯@乃求为&秦&$相@文信侯@$@吕不韦@$舍人$;@不韦@贤之,任以为$郎$。"
君臣,楚$王$戊,晁错,→,052_齐悼惠王世家,"、=齐=凡七$王$。  ### @七国之乱@  [25] =齐=@孝王@%十一年%，=吴=@王濞@、@楚$王$戊@反，兴兵西，告诸$侯$曰""将诛&汉&贼臣@晁错@以安^宗庙^""。=胶西=、=胶东=、="
君臣,文信侯,甘茂,→,071_樗里子甘茂列传,=。  ## @甘罗@%十二岁%拜相  [15] @甘茂@有孙曰@甘罗@。  [16] @甘罗@者，@甘茂@孙也。茂既死後，@甘罗@年十二，事=秦=相@文信侯@@吕不韦@。  [17] @秦始皇@帝使
君臣,犀首,子之,→,005_秦本纪,城。  [59.8] %十一年%，@醿里疾@攻&魏&=焦=，降之。败&韩&=岸门=，【斩首】万，其将@犀首@走。@公子通@封於~蜀~。&燕&君让其臣@子之@。  [59.9] %十二年%，王与@梁王@
君臣,舜,舜,→,001_五帝本纪,帝尧@问可用者，$四岳$咸荐@虞舜@，曰可。於是@尧@乃以二女妻@舜@以观其内，使九男与处以观其外。@舜@居=妫汭=，内行弥谨。尧二女不敢以贵骄事@舜@亲戚，甚有妇道。尧九男皆益笃。@舜@耕=历山=，
君臣,武帝,霍光,→,020_建元以来侯者年表,|    |    |    |    |    |    | |  [r78] $博陆$  |  @霍光@，家在=平阳=。以兄$骠骑将军$故贵。前事@武帝@，觉捕得$侍中$谋反者马何罗等功侯，三%千
君臣,武帝,浑邪王,→,020_建元以来侯者年表,  |    |    | |  [r79] 秺。  |  金翁叔名日䃅，以&匈奴&@休屠王@太子从@浑邪王@将众五万，降汉@归义@，$侍中$，事@武帝@，觉捕$侍中$谋反者马何罗等功侯，三%千户%。
君臣,武帝,上官桀,→,020_建元以来侯者年表,    |    |    |    |    |    | |  [r80] =安阳=。  |  @上官桀@，家在=陇西=。以善^骑射^从军。稍贵，事@武帝@，为$左将军$。觉捕斩$侍中$谋反者马何
君臣,昭帝,张汤,→,020_建元以来侯者年表,|    |    | |  [r82] 富平。  |  @张安世@，家在=杜陵=。以故$御史大夫$@张汤@子@武帝@时给事$尚书$，为$尚书$令。事@昭帝@，谨厚习事，为$光禄勋$$右将军$。辅政十
君臣,武帝,赵充国,→,020_建元以来侯者年表, |    |    |    |    |    |    | |  [r93] 营平。  |  @赵充国@。以=陇西=$骑士$从军得官，$侍中$，事@武帝@。数将兵击&匈奴&有功，为$护军$$都尉
君臣,庆,意,→,105_扁鹊仓公列传,%一年%所。明岁即验之，有验，然尚未精也。要事之%三年%所，即尝已为人治，诊病决死生，有验，精良。今@庆@已死%十年%所，臣@意@年尽%三年%，年%三十九%岁也。  ## [3] 诊病案例  ### 
君臣,成,意,→,105_扁鹊仓公列传,"九%岁也。  ## [3] 诊病案例  ### [3.1] 齐$侍御史$成头痛案  &齐&$侍御史$@成@自言病头痛，臣@意@诊其脉，告曰：""君之病恶，不可言也。""即出，独告@成@弟@昌@曰：""此病疽"
君臣,$中子$诸婴儿气鬲病,意,→,105_扁鹊仓公列传,"，流络动则脉结发，脉结发则烂解，故络交。热气已上行，至头而动，故头痛。  ### [3.2] @齐王@$中子$诸婴儿气鬲病  @齐王@$中子$诸婴兒@小子@病，召臣@意@诊切其脉，告曰：""气鬲病。病使"
君臣,循,意,→,105_扁鹊仓公列传," &齐&$郎中令$@循@病，众医皆以为蹙入中，而刺之。臣@意@诊之，曰：""涌疝也，令人不得前後溲。""@循@曰：""不得前後溲%三日%矣。""臣@意@饮以火齐汤，一饮得前溲，再饮大溲，三饮而疾愈。病得之内。"
君臣,太后风瘅案,意,→,105_扁鹊仓公列传,"太阴=脉口而希，是水气也。肾固主水，故以此知之。失治一时，即转为寒热。  ### [3.5] @齐王@太后风瘅案  @齐王太后@病，召臣@意@入诊脉，曰：""风瘅客脬，难於大小溲，溺赤。""臣@意@饮以火"
君臣,病得之盛怒,意,→,105_扁鹊仓公列传,"不治。適其共养，此不当医治。""法曰""後%三日%而当狂，妄起行，欲走；後%五日%死""。即如期死。@山跗@病得之盛怒@而以@接内。所以知@山跗@之病者，臣@意@切其脉，肺气热也。脉法曰""不平不鼓，形弊""。"
君臣,意,繇,→,105_扁鹊仓公列传,"$中尉$@潘满如@遗积瘕案  &齐&$中尉$@潘满如@病少腹痛，臣@意@诊其脉，曰：""遗积瘕也。""臣@意@即谓&齐&$太仆$臣@饶@、$内史$臣@繇@曰：""$中尉$不复自止於内，则%三十日%死。""後%"
君臣,潘满如,意,→,105_扁鹊仓公列传,"$臣@繇@曰：""$中尉$不复自止於内，则%三十日%死。""後%二十馀日%，溲血死。病得之酒且内。所以知@潘满如@病者，臣@意@切其脉深小弱，其卒然合合也，是脾气也。右脉口气至紧小，见瘕气也。以次相乘，故"
君臣,赵章,意,→,105_扁鹊仓公列传,"其脉曰：""迵风。""迵风者，饮食下嗌而辄出不留。法曰""%五日%死""，而後%十日%乃死。病得之酒。所以知@赵章@之病者，臣@意@切其脉，脉来滑，是内风气也。饮食下嗌而辄出不留者，法%五日%死，皆为前分界法"
君臣,风蹶案,意,→,105_扁鹊仓公列传,"嗜粥，故中藏实，中藏实故过期。师言曰""安穀者过期，不安穀者不及期""。  ### [3.9] @济北王@风蹶案  @济北王@病，召臣@意@诊其脉，曰：""风蹶胸满。""即为药酒，尽%三石%，病已。得之汗出伏"
君臣,济北王,意,→,105_扁鹊仓公列传," @济北王@病，召臣@意@诊其脉，曰：""风蹶胸满。""即为药酒，尽%三石%，病已。得之汗出伏地。所以知@济北王@病者，臣@意@切其脉时，风气也，心脉浊。病法""过入其阳，^阳气^尽而阴气入""。阴气入张，则"
君臣,女子竖呕血死案,意,→,105_扁鹊仓公列传,"""热蹶也。""则刺其足心各三所，案之无出血，病旋已。病得之饮酒大醉。  ### [3.12] @济北王@女子竖呕血死案  @济北王@召臣@意@诊脉诸女子侍者，至女子@竖@，@竖@无病。臣@意@告$永巷长"
君臣,竖,意,→,105_扁鹊仓公列传,"醉。  ### [3.12] @济北王@女子竖呕血死案  @济北王@召臣@意@诊脉诸女子侍者，至女子@竖@，@竖@无病。臣@意@告$永巷长$曰：""@竖@伤脾，不可劳，法当春呕血死。""臣@意@言王曰："""
君臣,不乳案,意,→,105_扁鹊仓公列传,三升%，出入%五六日%，病已。得之风，及卧开口，食而不嗽。  ### [3.14] @菑川@@王美人@不乳案  @菑川王@$美人$怀子而不乳，来召臣@意@。臣@意@往，饮以莨锽药一撮，以酒饮之，旋乳。
君臣,意,意,→,105_扁鹊仓公列传,  ### [3.14] @菑川@@王美人@不乳案  @菑川王@$美人$怀子而不乳，来召臣@意@。臣@意@往，饮以莨锽药一撮，以酒饮之，旋乳。臣@意@复诊其脉，而脉躁。躁者有馀病，即饮以消石一齐，出血
君臣,王蹶上案,意,→,105_扁鹊仓公列传,"愈顺。愈顺者，人尚肥也。奴之病得之流汗数出，於火@而以@出见大风也。  ### [3.16] @菑川@王蹶上案  @菑川王@病，召臣@意@诊脉，曰：""蹶上为重，头痛身热，使人烦懑。""臣@意@即以寒水拊"
君臣,肾痺案,意,→,105_扁鹊仓公列传,之沐发未乾而卧。诊如前，所以蹶，头热至肩。  ### [3.17] @齐王@黄姬兄@黄长卿@家@宋建@肾痺案  @齐王@$黄姬$兄@黄长卿@家有酒召客，召臣@意@。诸客坐，未上食。臣@意@望见@王后弟
君臣,侍者,意,→,105_扁鹊仓公列传,"汤使服之，%十八日%所而病愈。  ### [3.18] @济北王@侍者@韩女@月事不下案  @济北王@侍者@韩女@病要背痛，寒热，众医皆以为寒热也。臣@意@诊脉，曰：""内寒，月事不下也。""即窜以药，旋"
君臣,薄吾,意,→,105_扁鹊仓公列传,"欲男子不可得也。  ### [3.19] =临菑==氾里=女子@薄吾@蛲瘕案  =临菑==氾里=女子@薄吾@病甚，众医皆以为寒热笃，【当死】，不治。臣@意@诊其脉，曰：""蛲瘕。""蛲瘕为病，腹大，上肤黄"
君臣,$侍医$遂服五石发痈案,意,→,105_扁鹊仓公列传,"，养喜阳处者逆死""。其人喜自静，不躁，又久安坐，伏几而寐，故血下泄。  ### [3.22] @齐王@$侍医$遂服五石发痈案  @齐王@$侍医$@遂@病，自练五石服之。臣@意@往过之，@遂@谓@意@曰"
君臣,遂,意,→,105_扁鹊仓公列传,".22] @齐王@$侍医$遂服五石发痈案  @齐王@$侍医$@遂@病，自练五石服之。臣@意@往过之，@遂@谓@意@曰：""不肖有病，幸诊@遂@也。""臣@意@即诊之，告曰：""公病中热。论曰""中热不溲者，不"
君臣,齐王,意,→,105_扁鹊仓公列传,必有经纪。拙工有一不习，文理^阴阳^失矣。  ### [3.23] @齐王@故为$阳虚侯$时痺案  @齐王@故为$阳虚侯$时，病甚，众医皆以为蹶。臣@意@诊脉，以为痺，根在右胁下，大如覆杯，令人喘，逆
君臣,尝诊=安阳==武都里=,意,→,105_扁鹊仓公列传,时不能识其经解，大识其病所在。  ### [3.24] =安阳==武都里=@成开方@沓风案  臣@意@尝诊=安阳==武都里=@成开方@，@开方@自言以为不病，臣@意@谓之病苦沓风，%三岁%四支不能自用
君臣,、,意,→,105_扁鹊仓公列传,"死生，论药用所宜，诸侯王大臣有尝问@意@者不？及@文王@病时，不求@意@诊治，何故？""对曰：""@赵王@、@胶西王@、@济南王@、@吴王@皆使人来召臣@意@，臣@意@不敢往。@文王@病时，臣@意@家贫，"
君臣,文王,意,→,105_扁鹊仓公列传,"### [4.4] 论@文王@病  问臣@意@：""知@文王@所以得病不起之状？""臣@意@对曰：""不见@文王@病，然窃闻@文王@病喘，头痛，目不明。臣@意@心论之，以为非病也。以为肥而蓄精，身体不得摇，"
君臣,闻=菑川==唐里=$公孙$,意,→,105_扁鹊仓公列传,不闻师@庆@为方善也。@意@所以知@庆@者，@意@少时好诸方事，臣@意@试其方，皆多验，精良。臣@意@闻=菑川==唐里=$公孙$@光@善为古传方，臣@意@即往谒之。得见事之，受方化^阴阳^及传语法，臣
君臣,"方不？何县里人？""对曰：""=临菑=人",意,→,105_扁鹊仓公列传,"故爱@意@也。""  ### [4.6] 论弟子  问臣@意@曰：""吏民尝有事学@意@方，及毕尽得@意@方不？何县里人？""对曰：""=临菑=人@宋邑@。@邑@学，臣@意@教以五诊，%岁馀%。@济北王@遣$"
君臣,菑川王,意,→,105_扁鹊仓公列传,@学，臣@意@教以经脉高下及奇络结，当论俞所居，及气当上下出入邪逆顺，以宜鑱石，定砭灸处，%岁馀%。@菑川王@时遣$太仓马长$@冯信@正方，臣@意@教以案法逆顺，论药法，定五味及和齐汤法。$高永侯家丞
君臣,杜信,意,→,105_扁鹊仓公列传,菑川王@时遣$太仓马长$@冯信@正方，臣@意@教以案法逆顺，论药法，定五味及和齐汤法。$高永侯家丞$@杜信@，喜脉，来学，臣@意@教以上下经脉五诊，%二岁馀%。=临菑==召里=@唐安@来学，臣@意@教
君臣,唐安,意,→,105_扁鹊仓公列传,"和齐汤法。$高永侯家丞$@杜信@，喜脉，来学，臣@意@教以上下经脉五诊，%二岁馀%。=临菑==召里=@唐安@来学，臣@意@教以五诊上下经脉，奇咳，%四时%应^阴阳^重，未成，除为@齐王@$侍医$。"" "
君臣,昌,昌,任,130_太史公自序,诸侯之相王，王@卬@於&殷&。&汉&之伐&楚&，@卬@归&汉&，以其地为=河内郡=。  [1.5] @昌@生@无泽@，@无泽@为&汉&$巿长$。@无泽@生@喜@，@喜@为$五大夫$，卒，皆葬=高门=。
君臣,齐宣王,孟轲,→,074_孟子荀卿列传,"曰""放於利而行，多怨""。自$天子$至於庶人，好利之弊何以异哉！  ## @孟轲@游说不遇  [1] @孟轲@，驺人也。受业@子思@之门人。道既通，游事@齐宣王@，@宣王@不能用。適梁，梁@惠王@不果所"
君臣,韩信,韩信,任,094_田儋列传,信@已杀@龙且@，因令@曹参@进兵破杀@田既@於&胶东&，使@灌婴@破杀&齐&将@田吸@於=千乘=。@韩信@遂平&齐&，乞自立为&齐&$假王$，&汉&因而立之。  ## @田横@入海称义  [11] 
君臣,共公朔,$弑其父$,→,036_陈杞世家,@。@穆公@%五年%，@齐桓公@卒。%十六年%，@晋文公@败&楚&师于=城濮=。是岁，@穆公@卒，子@共公朔@立。@共公@%六年%，&楚&$太子$@商臣@$弑其父$@成王@代立，是为@穆王@。%十一年
君臣,重耳,成子,→,039_晋世家,"，报劳臣，而怀女德，窃为子羞之。且不求，何时得功？""乃与@赵衰@等谋，醉@重耳@，载以行。行远而觉，@重耳@大怒，引戈欲杀@咎犯@。@咎犯@曰：""杀臣@成子@，偃之原也。""@重耳@曰：""事不成，我食舅"
君臣,伏生,伏生,任,121_儒林列传,言^诗^者由@韩生@。@韩生@孙@商@为@今上@$博士$。  ## @伏生@传$尚书$  [13] @伏生@者，=济南=人也。故为&秦&$博士$。@孝文帝@时，欲求能治^尚书^者，〔天下〕无有，乃闻@
君臣,桓生,桓生,任,121_儒林列传,颇能，未善也。@襄@以^容^为&汉&$礼官大夫$，至$广陵内史$。@延@及@徐氏@弟子@公户满意@、@桓生@、@单次@，皆尝为&汉&$礼官大夫$。而=瑕丘=@萧奋@以^礼^为$淮阳太守$。是後能言^礼
君臣,去病,去病,→,060_三王世家,"# [0] &三王&世家  ## 群臣奏请封王  [1] ""大司*马*臣@去病@昧死再拜上疏$皇帝$陛下：陛下过听，使臣@去病@待罪行间。宜专边塞之思虑，暴骸中野无以报，乃敢惟他议以干用事者，诚见陛下"
君臣,平王,无忌,→,066_伍子胥列传,"美，王可自取，而更为太子取妇。""@平王@遂自取=秦=女而绝爱幸之，生子轸。更为太子取妇。  [3] @无忌@既以=秦=女自媚於@平王@，因去太子而事@平王@。恐%一旦%@平王@卒而太子立，杀己，乃因谗"
君臣,项梁,、,→,008_高祖本纪, @怀王遣将入关@  ### @怀王遣将入关@  [17.1] &秦&%二世三年%，&楚&$怀王$见@项梁@军破，恐，徙=盱台=都=彭城=，并@吕臣@、@项羽@军自将之。  [17.2] 以$沛公$为
君臣,子；次&梁&王,子；次&梁&王,任,008_高祖本纪,惠$，@吕后@子；次@戚夫人@子&赵&$隐王$@如意@；次&代&王@恆@，已立为$孝文帝$，@薄太后@子；次&梁&王@恢@，@吕太后@时徙为&赵&$共王$；次$淮阳王$@友@，@吕太后@时徙为&赵&$
君臣,友,友,任,008_高祖本纪,恆@，已立为$孝文帝$，@薄太后@子；次&梁&王@恢@，@吕太后@时徙为&赵&$共王$；次$淮阳王$@友@，@吕太后@时徙为&赵&$幽王$；次$淮南厉王$@长@；次&燕&王@建@。  ## @太史公@
君臣,文公,$弑其父$$,→,038_宋微子世家,$伐&宋&，&宋&告急於&晋&。%五年%，&晋&$@文公@$救&宋&，&楚&兵去。%九年%，&晋&$@文公@$卒。%十一年%，&楚&$太子$@商臣@$弑其父$$@成王@$代立。%十六年%，&秦&$@穆
君臣,毁,毁,任,038_宋微子世家,$%二年%，诸侯伐&宋&，至郊而去。%三年%，&齐&$@桓公@$始霸。%二十三年%，迎&卫&$公子$@毁@於&齐&，立之，是为&卫&$@文公@$。$@文公@$女弟为$@桓公@$$夫人$。&秦&$@穆公
君臣,孝惠帝,自破,→,095_樊郦滕灌列传,一，郡二，县五十二，得将军%二人%，$柱国$、$相国$各一人，^二千石^%十人%。  [32] @婴@自破@布@归，@高帝@崩，@婴@以@列侯@事@孝惠帝@及@吕太后@。@太后@崩，@吕禄@等以&赵&
君臣,子婴,李牧,→,088_蒙恬列传,"赵高@亲近,%日夜%毁恶@蒙@氏,求其罪过,举劾之。  ## [7] @子婴@进谏  [7.1] $@子婴@$进谏曰:""臣闻故$@赵王迁@$杀其良臣@李牧@而用@颜聚@,&燕&王$@喜@$阴用@荆轲@"
君臣,李斯,始皇,→,088_蒙恬列传,"年冬%,行出游=会稽=,并海上,北走=琅邪=。道病,使@蒙毅@还祷=山川=,未反。  [4.3] $@始皇@$至=沙丘=崩,祕之,群臣莫知。是时$丞相@李斯@$、$公子@胡亥@$、$中车府令@赵高@$"
君臣,李斯,蒙毅,→,088_蒙恬列传,"丞相@李斯@$、$公子@胡亥@$、$中车府令@赵高@$常从。@高@雅得幸於$@胡亥@$,欲立之,又怨@蒙毅@^法^治之而不为己也。因有贼心,乃与$丞相@李斯@$、$公子@胡亥@$阴谋,立$@胡亥@$为"
君臣,"$%二十三年%,","$%二十三年%,",任,088_蒙恬列传,"%,@蒙骜@卒。  [1.3] @骜@子曰@武@,@武@子曰@恬@。@恬@尝书狱典$文学$。$@始皇@$%二十三年%,@蒙武@为&秦&$裨将军$,与@王翦@攻&楚&,大破之,杀@项燕@。%二十四年%,"
君臣,逸,福,→,118_淮南衡山列传,"淮南王$至=长安=。  [3] ""$丞相$臣@张仓@、$典客$臣@冯敬@、行$御史大夫$事$宗正$臣@逸@、$廷尉$臣@贺@、备盗贼$中尉$臣@福@昧死言：$淮南王$@长@废先帝法，不听$天子$诏，居"
君臣,列侯,婴,→,118_淮南衡山列传,"@列侯@$二千石$议。""  [5] ""臣@仓@、臣@敬@、臣@逸@、臣@福@、臣@贺@昧死言：臣谨与@列侯@吏$二千石$臣@婴@等四十%三人%议，皆曰'@长@不奉^法度^，不听$天子$诏，乃阴聚徒党及"
君臣,始皇帝,文王,→,079_范睢蔡泽列传,=秦=%数月%，人或恶之，惧诛，乃谢病归相*印*，号为纲@成君@。居=秦=%十馀年%，事@昭王@、孝@文王@、庄@襄王@。卒事@始皇帝@，为=秦=使於=燕=，%三年%而=燕=使太子丹入质於=秦=。  
君臣,穰侯,范睢,→,079_范睢蔡泽列传,入@咸阳@避@穰侯@  [4] @王稽@辞=魏=去，过载@范睢@入=秦=。至湖，望见*车*骑从西来。@范睢@曰：“彼来者为谁？”@王稽@曰：“=秦=相@穰侯@东行县邑。”@范睢@曰：“吾闻@穰侯@专=
君臣,张君,须贾,→,079_范睢蔡泽列传,为君先入通於相君。”@须贾@待门下，持*车*良久，问门下曰：“范叔不出，何也？”门下曰：“无范叔。”@须贾@曰：“乡者与我载而入者。”门下曰：“乃吾相@张君@也。”@须贾@大惊，自知见卖，乃肉袒行，因
君臣,虞卿,乃发卒围,→,079_范睢蔡泽列传,魏=齐在@平原君@之家。王使人疾持其头来；不然，吾举兵而伐=赵=，又不出王之弟於关。”=赵=@孝成王@乃发卒围@平原君@家，急，=魏=齐夜亡出，见=赵=相@虞卿@。@虞卿@度=赵=王终不可说，乃解其相
君臣,国惠子,芮子,→,046_田敬仲完世家,之而输之*粟*。  ## [6] @田乞立阳生@  [6.1] $@景公@$$太子$死，後有宠姬曰$@芮子@$，生子@荼@。$@景公@$病，命其$相@国惠子@$与$@高昭子@$以子@荼@为$太子$。$
君臣,高,$以子,→,046_田敬仲完世家,@$$太子$死，後有宠姬曰$@芮子@$，生子@荼@。$@景公@$病，命其$相@国惠子@$与$@高昭子@$以子@荼@为$太子$。$@景公@$卒，两相@高@、@国@立@荼@，是为$@晏孺子@$。而$@田乞
君臣,田和,魏文侯,→,046_田敬仲完世家,&败&齐&=平陆=。  [10.2] %三年%，$@太公@$与$@魏文侯@$会=浊泽=，求为诸侯。$@魏文侯@$乃使使言$周天子$及诸侯，请立$齐相@田和@$为诸侯。$周天子$许之。$@康公@$之%十
君臣,栗腹,乐间,→,080_乐毅列传,@昌国君@；而@乐毅@往来复通=燕=，=燕=、=赵=以为$客卿$。@乐毅@卒於=赵=。  [15] @乐间@居=燕=%三十馀年%，=燕=@王喜@用其相@栗腹@之计，欲攻=赵=，而问@昌国君@@乐间@。
君臣,内部争议,田禄伯,→,106_吴王濞列传,"矣。""$条侯$曰：""善。""从其策，遂坚壁=昌邑=南，轻兵绝&吴&饟道。  ### [2.8] @吴王@内部争议  @吴王@之初发也，&吴&臣@田禄伯@为$大将军$。@田禄伯@曰：""兵屯聚而西，无佗奇道"
君臣,使人言,以^楚辞^与,→,122_酷吏列传,。三$长史$皆害@汤@，欲陷之。  [22] 始$长史$@硃买臣@，=会稽=人也。读^春秋^。@庄助@使人言@买臣@，@买臣@以^楚辞^与@助@俱幸，$侍中$，为$太中大夫$，用事；而@汤@乃为小吏，
君臣,张汤,义纵,→,122_酷吏列传,逆，当族，自杀。而@杜周@任用。  ## @杜周@从谀深刻  [38] @杜周@者，=南阳杜衍=人。@义纵@为$南阳守$，以为爪牙，举为$廷尉史$。事@张汤@，@汤@数言其无害，至$御史$。使案边失亡
君臣,不用其筴不以为将,"曰：""",→,089_张耳陈馀列传,"=，@张耳@、@陈馀@闻@周章@军入关，至=戏=卻；又闻诸将为@陈王@徇地，多以谗毁得罪诛，怨@陈王@不用其筴不以为将@而以@为$校尉$。乃说@武臣@曰：""@陈王@起=蕲=，至=陈=而王，非必立^六国"
君臣,父即&楚&$将$,父即&楚&$将$,任,007_项羽本纪,，=下相=人也，字@羽@。  [1.2] 初起时，年%二十四%。  [2.1] 其季父@项梁@，@梁@父即&楚&$将$@项燕@，为&秦&$将$@王翦@所戮者也。  [2.2] @项@氏世世为&楚&$将
君臣,蒙恬,蒙恬,任,007_项羽本纪,"起@为&秦&$将$，南征=鄢郢=，北阬=马服=，攻城略地，不可胜计，而竟赐死。""  [47.2] ""@蒙恬@为&秦&$将$，北逐~戎~人，开=榆中=地%数千里%，竟斩=阳周=。何者？功多，&秦&不能尽"
君臣,赵,公仲,→,043_赵世家,"：""求，未有可者。""有顷，$@烈侯@$复问。@公仲@终不与，乃称疾不朝。$@番吾君@$自&代&来，谓@公仲@曰：""君实好善，而未知所持。今@公仲@相@赵@，於今%四年%，亦有进士乎？""@公仲@曰：""未"
君臣,栗腹,廉颇,→,043_赵世家,=邯郸=廥烧。%十四年%，$@平原君赵胜@$死。  [32.2] %十五年%，以$@尉文@$封$相国@廉颇@$为$@信平君@$。$@燕王@$令$丞相@栗腹@$约驩，以五百*金*为@赵@王*酒*，还归，
君臣,纣,叔鲜,→,035_管蔡世家, ## @武王@封建诸弟  [2.2] @武王@已克&殷&@纣@，平〔天下〕，封$功臣$昆弟。於是封@叔鲜@於=管=，封@叔度@於=蔡=：%二人%相@纣@子@武庚禄父@，治&殷&遗民。封@叔旦@於&鲁
君臣,厓季,厓季,任,035_管蔡世家,@卫康叔@。封@季载@於=厓=。@厓季@、@康叔@皆有驯行，於是@周公@举@康叔@为&周&$司寇$，@厓季@为&周&$司空$，以佐@成王@治，皆有令名於〔天下〕。  ## @蔡仲@改行复封于蔡  [4
君臣,周公,周公,任,035_管蔡世家,## @蔡仲@改行复封于蔡  [4.4] @蔡叔度@既迁而死。其子曰@胡@，@胡@乃改行，率德驯善。@周公@闻之，而举@胡@以为&鲁&$卿士$，&鲁&国治。於是@周公@言於@成王@，复封@胡@於=蔡=
君臣,"怒曰：""宜乎王之欲杀若而立",告,→,040_楚世家,"也，告其傅@潘崇@曰：""何以得其实？""@崇@曰：""飨王之宠姬@江羋@而勿敬也。""@商臣@从之。@江羋@怒曰：""宜乎王之欲杀若而立@职@也。""@商臣@告@潘崇@曰：""信矣。""@崇@曰：""能事之乎？""曰："
君臣,成王,、&晋&侯,→,040_楚世家,蛮~，封以$子男$之田，姓&琇氏&，居=丹阳=。@楚子熊绎@与&鲁&@公伯禽@、&卫&@康叔@子@牟@、&晋&侯@燮@、&齐&@太公@子@吕伋@俱事@成王@。  [2.5] @熊绎@生@熊艾@，@熊艾
君臣,吕不韦,幽王,→,040_楚世家,至@哀王@  [95.99] %二十五年%，@考烈王@卒，子@幽王@@悍@立。@李园@杀@春申君@。@幽王@%三年%，&秦&、&魏&伐&楚&。&秦&相@吕不韦@卒。%九年%，&秦&灭&韩&。%十年%，
君臣,子驷,子驷,→,042_郑世家,，又与&楚&盟。  [33.4] @子驷@畏诛，故两亲&晋&、&楚&。  [33.5] %三年%，相@子驷@欲自立为君，$公子$$子孔$使@尉止@杀相@子驷@而代之。  [33.6] @子孔@又欲自立
君臣,田文,吴起,→,065_孙子吴起列传,"在险。若君不修德，*舟*中之人尽为敌国也。""@武侯@曰：""善。""  ## 不如田@文@  [12] @吴起@为=西河=守，甚有声名。=魏=置相，相@田文@。@吴起@不悦，谓@田文@曰：""请与子论功，可"
君臣,"$出奔=温=,立$","$出奔=温=,立$",任,034_燕召公世家,"@$%十二年%,&齐&$@桓公@$始霸。%十六年%,与&宋&、&卫&共伐&周&$@惠王@$,$@惠王@$出奔=温=,立$@惠王@$弟@穨@为&周&$王$。%十七年%,&郑&执&燕&@仲父@而内$@惠王"
君臣,"亡%二年%,而&燕&人共立$太子$","亡%二年%,而&燕&人共立$太子$",任,034_燕召公世家,"兵,以因北地之众以伐&燕&。士卒不战,*城门*不闭,&燕&$君$@哙@$死,&齐&大胜。&燕&@子之@亡%二年%,而&燕&人共立$太子$@平@$,是为&燕&$@昭王@$。  ## [16] @昭王求贤"
君臣,文,弘,→,112_平津侯主父列传,"自治而能治人者也,此%百世%不易之道也。  [7.4] 今陛下躬行大孝,鉴&三王&,建&周&道,兼$@文@$$@武@$,厉贤予禄,量能授$官$。今臣@弘@罢驽之质,无汗*马*之劳,陛下过意擢臣@弘@卒"
君臣,东方朔,",历数则",→,112_平津侯主父列传,"@卜式@,推贤则@韩安国@、@郑当时@,定令则@赵禹@、@张汤@,文章则@司马迁@、@相如@,滑稽则@东方朔@、@枚皋@,应对则@严助@、@硃买臣@,历数则@唐都@、@落下闳@,协^律^则@李延年@,"
君臣,黄霸,、,→,112_平津侯主父列传," [21.6] $将相$则@张安世@、@赵充国@、@魏相@、@邴吉@、@于定国@、@杜延年@,治民则@黄霸@、@王成@、@龚遂@、@郑弘@、@邵信臣@、@韩延寿@、@尹翁归@、@赵广汉@之属,皆有功迹"
君臣,蔺相如,蔺相如,任,081_廉颇蔺相如列传,破之，取=阳晋=，拜为$上卿$，以勇气闻於诸侯。  ## @蔺相如@  ### 出身  [2.1] @蔺相如@者，&赵&人也，为&赵&$宦者令$@缪贤@@舍人@。  ### @完璧归赵@  #### 
君臣,范,报智伯,→,086_刺客列传,"## [3.1] 时间引入  其後%七十馀年%而&晋&有@豫让@之事。  ### [3.2] @豫让@报智伯  @豫让@者,&晋&人也,故尝事@范@氏及@中行@氏,而无所知名。去而事@智伯@,@智伯@"
君臣,智伯,中行,→,086_刺客列传,"&有@豫让@之事。  ### [3.2] @豫让@报智伯  @豫让@者,&晋&人也,故尝事@范@氏及@中行@氏,而无所知名。去而事@智伯@,@智伯@甚尊宠之。及@智伯@伐$@赵襄子@$,$@赵襄子@$"
君臣,范,"亦已死矣,而子独何以为之报雠之深也？""",→,086_刺客列传,"豫让@曰:""子不尝事@范@、@中行@氏乎？@智伯@尽灭之,而子不为报雠,而反委质臣於@智伯@。@智伯@亦已死矣,而子独何以为之报雠之深也？""@豫让@曰:""臣事@范@、@中行@氏,@范@、@中行@氏皆众"
君臣,子慎,子慎,任,047_孔子世家,，字$@子京@$，年%四十六%。$@子京@$生@穿@，字$@子高@$，年%五十一%。$@子高@$生$@子慎@$，年%五十七%，尝为&魏&$相$。  [36.4] $@子慎@$生@鲋@，年%五十七%，为
君臣,王陵,王陵,→,096_张丞相列传,本之@张苍@。@苍@本好书，无所不观，无所不通，而尤善^律历^。  [5.2] @张苍@德@王陵@。@王陵@者，$@安国侯@$也。及@苍@贵，常父事@王陵@。@陵@死後，@苍@为$丞相$，洗沐，@常先
君臣,使,张胜,→,093_韩信卢绾列传,秋%，@陈豨@反&代&地，@高祖@如=邯郸=击@豨@兵，&燕&王@绾@亦击其=东北=。当是时，@陈豨@使@王黄@求救~匈奴~。&燕&王@绾@亦使其臣@张胜@於~匈奴~，言@豨@等军破。@张胜@至~胡~
君臣,"於=毕=,从$",周公,→,033_鲁周公世家,"病,将没,曰:""必葬我=成周=,以明吾不敢离$@成王@$。""@周公@既卒,$@成王@$亦让,葬@周公@於=毕=,从$@文王@$,以明予@小子@不敢臣@周公@也。  [6.2] @周公@卒後,%秋%未穫"
君臣,",$史$百执",武王,→,033_鲁周公世家,"〘木〙尽拔。&周&国大恐。$@成王@$与$大夫$朝服以开^金縢^书,$王$乃得@周公@所自以为功代$@武王@$之说。二公及$王$乃问$史$百执@事@,$史$百执@事@曰:""信有,昔@周公@命我勿敢言。"
君臣,",是为$",惠公,→,033_鲁周公世家,"其$君$@昭侯@$。%四十五年%,&晋&人又弑其$君$@孝侯@$。  [10.4] %四十六年%,$@惠公@$卒,长庶子@息@摄当国,行$君$@事@,是为$@隐公@$。初,$@惠公@$適$夫人$无子,"
君臣,;,"$之际,何其乱也？$",→,033_鲁周公世家,"公@$曰:余闻@孔子@称曰""甚矣&鲁&道之衰也!=洙泗=之间龂龂如也""。观@庆父@及@叔牙@$@闵公@$之际,何其乱也？$@隐@$$@桓@$之@事@;@襄仲@杀適立庶;三家北面为$臣$,亲攻$@昭公@"
君臣,$爱,$爱,任,033_鲁周公世家,"@武公@$%九年%%春%,$@武公@$与@长子@@括@,少子@戏@,西朝&周&$@宣王@$。$@宣王@$爱@戏@,欲立@戏@为&鲁&$太子$。&周&之@樊仲山父@谏$@宣王@$曰:""废长立少,不顺;不"
君臣,宣王,宣王,任,033_鲁周公世家,",诸侯效之,$王$命将有所壅;若弗从而诛之,是自诛$王$命也。诛之亦失,不诛亦失,$王$其图之。""$@宣王@$弗听,卒立@戏@为&鲁&$太子$。%夏%,$@武公@$归而卒,@戏@立,是为$@懿公@$。"
君臣,武庚,武庚,任,037_卫康叔世家,作乱，欲攻=成周=。@周公旦@以$@成王@$命兴师伐&殷&，杀@武庚禄父@、@管叔@，放@蔡叔@，以@武庚@&殷&馀民封@康叔@为&卫&$君$，居=河=、=淇=间故&商&墟。  [3.3] @周公旦@
君臣,桓公,桓公,任,037_卫康叔世家,&郑&$伯$弟@段@攻其兄，不胜，亡，而@州吁@求与之友。%十六年%，@州吁@收聚&卫&亡人以袭杀$@桓公@$，@州吁@自立为&卫&$君$。为&郑&$伯$弟@段@欲伐&郑&，请&宋&、&陈&、&蔡&与
君臣,共立$,共立$,任,037_卫康叔世家,遂攻出$@献公@$。$@献公@$奔&齐&，&齐&置&卫&$@献公@$於=聚邑=。@孙文子@、@甯惠子@共立$@定公@$弟@秋@为&卫&$君$，是为$@殇公@$。  [25.25] $@殇公@$@秋@立
君臣,斑师,斑师,任,037_卫康叔世家,子@围&卫&。%十一月%，$@庄公@$出奔，&卫&人立公子@斑师@为&卫&$君$。&齐&伐&卫&，虏@斑师@，更立公子@起@为&卫&$君$。  [39.42] &卫&$君$@起@%元年%，&卫&@石曼
君臣,李蔡,"$为$彊弩将军$,$太仆",→,111_卫将军骠骑列传,",&汉&令$车骑将军@青@$将三万$骑$,出=高阙=;$卫尉@苏建@$为$游击将军$,$左内史@李沮@$为$彊弩将军$,$太仆@公孙贺@$为$骑将军$,$代相@李蔡@$为$轻车将军$,皆领属$车骑将军"
君臣,平,平,任,084_屈原贾生列传," ## 标题 @屈原@@贾生@列传  ## [1] @屈原@生平与事迹  [1.1] @屈原@者,名@平@,&楚&之同姓也。为&楚&$@怀王@$$左徒$。博闻彊志,明於〔治乱〕,嫺於辞令。入则与王图议"
君臣,昭鱼,张仪,→,044_魏世家,".1] %九年%，与$秦王$会=临晋=。@张仪@、@魏章@皆归于@魏@。$魏相@田需@$死，&楚&害@张仪@、@犀首@、@薛公@。$楚相@昭鱼@$谓@苏代@曰：""@田需@死，吾恐@张仪@、@犀首@、@"
君臣,张仪,代,→,044_魏世家,也从&楚&来，@昭鱼@甚忧，曰：'@田需@死，吾恐@张仪@、@犀首@、@薛公@有一人相@魏@者也。'@代@曰：'$梁王$，长主也，必不相@张仪@。@张仪@相，必右&秦&而左@魏@。@犀首@相，必右&韩
君臣,王寿梦,怨&楚&$将$,→,031_吴太伯世家,=吴=兴。  [4.3] 大凡从@太伯@至@寿梦@%十九世%。  ## @寿梦@称王  [5.1] @王寿梦@%二年%，&楚&之亡$大夫$@申公巫臣@怨&楚&$将$@子反@而奔&晋&，自&晋&使=吴=
夫妻,共侯兴,申侯,↔,014_十二诸侯年表, 三十四  |  二十  |  五  |  三  |  五  |  五十二  |  十七  |  蔡@共侯兴@$元年$  |  三十五  |  十娶@申侯@女@武姜@。  |  四  |    | |
夫妻,及,敬嬴,↔,033_鲁周公世家,"17.5] %十八年%%二月%,$@文公@$卒。$@文公@$有二妃:长妃&齐&女为@哀姜@,生子@恶@及@视@;次妃@敬嬴@,嬖爱,生子@俀@。@俀@私@事@@襄仲@,@襄仲@欲立之,@叔仲@曰不可。"
封赏,恢,恢,→,123_大宛列传,、&大宛&之属。还，封@破奴@为@浞野侯@。@王恢@数使，为&楼兰&所苦，言$天子$，$天子$发兵令@恢@佐@破奴@击破之，封@恢@为@浩侯@。於是&酒泉&列^亭鄣^至=玉门=矣。  [22] &乌孙
封赏,堂邑父,骞,→,123_大宛列传,中归，复为~匈奴~所得。留%岁馀%，$单于$死，$左谷蠡王$攻其$太子$自立，国内乱，@骞@与胡妻及@堂邑父@俱亡归&汉&。&汉&拜@骞@为$太中大夫$，@堂邑父@为$奉使君$。  [3] @骞@为人
封赏,乃谓$丞相,长子,→,087_李斯列传," $@胡亥@$既然@高@之言,@高@曰:""不与$丞相$谋,恐事不能成,臣请为子与$丞相$谋之。""@高@乃谓$丞相@斯@$曰:""上崩,赐@长子@书,与丧会=咸阳=而立为嗣。书未行,@今上@崩,未有知者也"
封赏,今上,长子,→,087_李斯列传,"与$丞相$谋之。""@高@乃谓$丞相@斯@$曰:""上崩,赐@长子@书,与丧会=咸阳=而立为嗣。书未行,@今上@崩,未有知者也。所赐@长子@书及符*玺*皆在$@胡亥@$所,定$太子$在君侯与@高@之口耳。"
封赏,李斯,赵高,→,087_李斯列传,"兔〙,岂可得乎!""遂父子相哭,而【夷三族】。  ## [18] @赵高@杀@二世@  [18.1] @李斯@已死,$@二世@$拜@赵高@为$中丞相$,事无大小辄决於@高@。@高@自知权重,乃献〘鹿〙,"
封赏,言告,扁鹊,→,105_扁鹊仓公列传,"世%而亡。~嬴~姓将大败~周~人於=范魁=之西，而亦不能有也。""""@董安于@受言，书而藏之。以@扁鹊@言告@简子@，@简子@赐@扁鹊@田%四万%亩。  ### [1.3] 治虢太子尸蹶  其後@扁鹊@"
封赏,惠王,齐桓公,→,004_周本纪,栎=。立@釐王弟穨@为王。乐及遍舞，&郑&、&虢&君怒。%四年%，&郑&与&虢&君伐杀@王穨@，复入@惠王@。@惠王@%十年%，赐@齐桓公@为伯。  [45] %二十五年%，@惠王@崩，子@襄王郑@立
封赏,纳王而诛,晋文公,→,004_周本纪,王于=氾=。@子带@立为王，取@襄王@所绌翟后与居=温=。%十七年%，@襄王@告急于&晋&，@晋文公@纳王而诛@叔带@。@襄王@乃赐@晋文公@珪鬯*弓矢*，为伯，以=河内=地与&晋&。%二十年%，@晋
封赏,礼,礼,→,050_楚元王世家,"老人!也，宜为宗室顺善。今乃首率&七国&，纷乱〔天下〕，柰何续其後！""不许&吴&，许立&楚&後。是时@礼@为&汉&$宗正$。乃拜@礼@为$楚王$，奉$@元王@$^宗庙^，是为$@楚文王@$。  ## "
封赏,皇太后,嫣,→,125_佞幸列传,"后@泣曰：""请得归国入宿卫，比@韩嫣@。""@太后@由此嗛@嫣@。@嫣@侍上，出入^永巷^不禁，以奸闻@皇太后@。@皇太后@怒，使使赐@嫣@死。上为谢，终不能得，@嫣@遂死。而@案道侯@@韩说@，其弟也"
封赏,王孙,婴,→,107_魏其武安侯列传,"@毋如@窦婴@贤，乃召@婴@。@婴@入见，固辞谢病不足任。@太后@亦惭。於是上曰：""〔天下〕方有急，@王孙@宁可以让邪？""乃拜@婴@为$大将军$，赐金%千%斤。@婴@乃言@袁盎@、@栾布@诸名将贤士在"
封赏,孝文皇帝,婴,→,095_樊郦滕灌列传,$绛侯$等既诛诸@吕@，&齐&王罢兵归，@婴@亦罢兵自=荥阳=归，与$绛侯$、@陈平@共立&代&王为@孝文皇帝@。@孝文皇帝@於是益封@婴@三%千户%，赐*黄金*%千斤%，拜为$太尉$。  [33] 
封赏,沛公,哙,→,095_樊郦滕灌列传,矣。是日微@樊哙@饹入营谯让@项羽@，@沛公@事几殆。  [4] %明日%，@项羽@入屠=咸阳=，立@沛公@为&汉&王。&汉&王赐@哙@爵为@列侯@，号$临武侯$。迁为$郎中$，从入=汉中=。  ##
封赏,沛公,商,→,095_樊郦滕灌列传,。从攻下=宛=、=穰=，定十七县。@别将@攻=旬关=，定=汉中=。  [12] @项羽@灭&秦&，立@沛公@为&汉&王。&汉&王赐@商@爵$信成君$，以将军为$陇西都尉$。@别将@定&北地&、&上郡&
封赏,沛公,婴,→,095_樊郦滕灌列传,复奉车从攻=南阳=，战於=蓝田=、=芷阳=，以*兵车*趣攻战疾，至=霸上=。@项羽@至，灭&秦&，立@沛公@为&汉&王。&汉&王赐@婴@爵@列侯@，号$昭平侯$，复为$太仆$，从入=蜀=、=汉=。  
封赏,鲁元,婴,→,095_樊郦滕灌列传,"=沛=，常为$太仆$，竟@高祖@崩。以$太仆$事@孝惠@。@孝惠帝@及@高后@德@婴@之脱@孝惠@、@鲁元@於=下邑=之间也，乃赐@婴@县北第第一，曰""近我""，以尊异之。@孝惠帝@崩，以$太仆$事@高"
封赏,灌婴,灌婴,→,095_樊郦滕灌列传,"$骑将$。&汉&王欲拜之，@必@、@甲@曰：""臣故&秦&民，恐军不信臣，臣原得大王左右善骑者傅之。""@灌婴@虽少，然数力战，乃拜@灌婴@为$中大夫$，令@李必@、@骆甲@为左右$校尉$，将$郎中$骑兵"
封赏,於单,於单,→,110_匈奴列传,单于$死。@军臣@$单于$弟$左谷蠡王$@伊稚斜@自立为$单于$，攻破@军臣@$单于$太子@於单@。@於单@亡降&汉&，&汉&封@於单@为$涉安侯$，%数月%而死。  ## [27] @伊稚斜@$单于
封赏,成,成,→,122_酷吏列传,"郡守$。$御史大夫$@弘@曰：""臣居=山东=为小吏时，@宁成@为$济南都尉$，其治如*狼*牧*羊*。@成@不可使治民。""上乃拜@成@为$关都尉$。%岁馀%，=关东=吏隶郡国出入关者，号曰""宁见*乳虎*"
封赏,吕马童,王翳,→,007_项羽本纪,@、@杨武@各得其一体。  [184.1] 五人共会其体，皆是。故分其地为五：  [184.2] 封@吕马童@为&中水&侯，封@王翳@为&杜衍&侯，封@杨喜@为@赤泉侯@，封@杨武@为&吴防&侯，封@
封赏,杨喜,杨武,→,007_项羽本纪,会其体，皆是。故分其地为五：  [184.2] 封@吕马童@为&中水&侯，封@王翳@为&杜衍&侯，封@杨喜@为@赤泉侯@，封@杨武@为&吴防&侯，封@吕胜@为&涅阳&侯。  ## 尾声  ### 鲁地
封赏,简子,扁鹊,→,043_赵世家,"虞舜〛之勋，適余将以其胄女@孟姚@配而%七世%之孙。'""@董安于@受言而@书@藏之。以@扁鹊@言告$@简子@$，$@简子@$赐@扁鹊@田四万亩。  [7.3] 他日，$@简子@$出，有人当道，辟之不去"
封赏,武庚禄父,叔旦,→,035_管蔡世家,&@纣@，平〔天下〕，封$功臣$昆弟。於是封@叔鲜@於=管=，封@叔度@於=蔡=：%二人%相@纣@子@武庚禄父@，治&殷&遗民。封@叔旦@於&鲁&而相&周&，为$周公$。封@叔振铎@於=曹=，封@叔武
封赏,叔振铎,叔武,→,035_管蔡世家,於=蔡=：%二人%相@纣@子@武庚禄父@，治&殷&遗民。封@叔旦@於&鲁&而相&周&，为$周公$。封@叔振铎@於=曹=，封@叔武@於=成=，封@叔处@於=霍=。@康叔封@、@厓季载@皆少，未得封。  
封赏,叔处,、,→,035_管蔡世家,治&殷&遗民。封@叔旦@於&鲁&而相&周&，为$周公$。封@叔振铎@於=曹=，封@叔武@於=成=，封@叔处@於=霍=。@康叔封@、@厓季载@皆少，未得封。  ## 管蔡作乱与@周公@东征  [3.3]
封赏,周公,胡,→,035_管蔡世家,。其子曰@胡@，@胡@乃改行，率德驯善。@周公@闻之，而举@胡@以为&鲁&$卿士$，&鲁&国治。於是@周公@言於@成王@，复封@胡@於=蔡=，以奉@蔡叔@之祀，是为@蔡仲@。馀五叔皆就国，〔无为〕$天
封赏,武王,叔振铎,→,035_管蔡世家,故附之〔世家〕言。  ## @曹叔振铎受封@  [24.24] @曹叔振铎@者，&周&@武王@弟也。@武王@已克&殷&@纣@，封@叔振铎@於=曹=。  ## @曹国早期世系@  [25.25] @叔振
封赏,臧兒,田蚡,→,049_外戚世家,[10] @景帝@〔诸子〕  [10.1] $@景帝@$崩，$太子$袭号为$皇帝$。尊$皇太后$母$@臧兒@$为$@平原君@$。封@田蚡@为$@武安侯@$，@胜@为$@周阳侯@$。  [10.2] $
封赏,、,熊绎,→,040_楚世家,@熊狂@生@熊绎@。  ## @熊绎@受封与早期世系  [2.4] @熊绎@当@周成王@之时，举@文@、@武@勤劳之後嗣，而封@熊绎@於~楚蛮~，封以$子男$之田，姓&琇氏&，居=丹阳=。@楚子熊绎@
封赏,信约从亲相坚者,武安君,→,070_张仪列传,%数月%而=宋=可举，举=宋=而东指，则=泗上=十二诸侯尽王之有也。  [31] “凡〔天下〕@而以@信约从亲相坚者@苏秦@，封@武安君@，相=燕=，即阴与=燕=王谋伐破=齐=而分其地；乃详有罪出走入
封赏,张仪,仪,→,070_张仪列传,=秦=王必喜。夫攻=楚=以利其地，转祸而说=秦=，计无便於此者。”  [38] =韩=王听@仪@计。@张仪@归报，@秦惠王@封@仪@五邑，号曰$武信君$。使@张仪@东说@齐湣王@曰：“〔天下〕彊国无过
封赏,代王,伯鲁,→,015_六国年表,  二十。公将师与~绵诸~战。  |    |    |  @襄子@。$元年$未除服，登=夏屋=，诱@代王@，以金斗杀@代王@。封@伯鲁@@子周@为@代成君@。  |  三十二。蔡@声侯@卒。  | 
封赏,种,种,→,041_越王句践世家,"可与共患难，不可与共乐。子何不去？""  [17.2] @种@见书，称病不朝。  [17.3] 人或谗@种@且作乱，$越王$乃赐@种@*剑*曰：  > ""子教寡人伐&吴&七术，寡人用其三而败&吴&，其四"
封赏,田荣,彭越,→,090_魏豹彭越列传,野=中，收&魏&散卒。@项籍@入关，王诸侯，还归，@彭越@众%万馀人%毋所属。%汉元年秋%，&齐&王@田荣@畔@项王@，乃使人赐@彭越@将军印，使下=济阴=以击&楚&。&楚&命@萧公角@将兵击@越@，
封赏,齐王,主父,→,112_平津侯主父列传,"=朔方郡=。  ## [17] $齐相$逼死@齐王@  [17.1] &元朔&%二年%,@主父@言$@齐王@$内淫佚行僻,$上$拜@主父@为$齐相$。  [17.2] 至&齐&,遍召昆弟宾客,散五百*"
封赏,阖闾,专诸,→,086_刺客列传,"。左右亦杀@专诸@,王人扰乱。$@公子光@$出其伏甲以攻$@王僚@$之徒,尽灭之,遂自立为王,是为$@阖闾@$。$@阖闾@$乃封@专诸@之子以为$上卿$。  ## [3] @豫让@  ### [3.1"
封赏,太上皇,释之,→,018_高祖功臣侯者年表,成  |  以@吕后@兄初起以客从，击=三秦=。@汉王@入汉，而@释之@还=丰沛=，奉卫吕@宣王@、@太上皇@。〔天下〕已平，封@释之@为$建成侯$。  |  七。%六年%%正月%%丙戌%，@康侯@@
封赏,$将以书社地七,孔子,→,047_孔子世家,"$@楚昭王@$兴师迎@孔子@，然後得免。  ## [25] @楚昭王欲封@  [25.1] $@昭王@$将以书社地七@百里@封@孔子@。&楚&$令尹@子西@$曰：""王之使使诸侯有如@子贡@者乎？""曰："
封赏,汉王,宽,→,098_傅靳蒯成列传,=，及击@杨熊@=曲遇=、=阳武=，【斩首】十二级，〈赐爵〉$卿$。从至=霸上=。$@沛公@$立为$@汉王@$，$@汉王@$赐@宽@封号$@共德君@$。从入=汉中=，迁为$右骑将$。从定&三秦&，〈赐
封赏,沛公,歙,→,098_傅靳蒯成列传,君@$。又战=蓝田=北，斩$车司马$%二人%，$骑长$一人，首二十八级，捕虏五十七人。至=霸上=。$@沛公@$立为$@汉王@$，赐@歙@爵$@建武侯@$，迁为$骑都尉$。  [2.2] 从定&三秦&。
封赏,蔡叔,康叔,→,033_鲁周公世家,"@等果率~淮夷~而反。@周公@乃奉$@成王@$命,兴师东伐,作^大诰^。遂诛@管叔@,杀@武庚@,放@蔡叔@。收&殷&馀民,以封@康叔@於&卫&,封@微子@於&宋&,以奉&殷&祀。宁~淮夷~东土,%二"
封赏,$已克&殷&,纣,→,037_卫康叔世家,也。其次尚有@厓季@，@厓季@最少。   ## [2] @康叔受封治殷遗民@  [2.2] $@武王@$已克&殷&@纣@，复以&殷&馀民封@纣@子@武庚禄父@，比诸侯，以奉其先祀勿绝。为@武庚@未集，
封赏,苏建,建,→,111_卫将军骠骑列传,"王$。遂以=河南=地为=朔方郡=。  [4.5] 以三千八百户封@青@为$@长平侯@$。@青@$校尉@苏建@$有功,以千一百户封@建@为$@平陵侯@$。使@建@筑=朔方城=。@青@$校尉@张次公@$有"
封赏,涉轵侯,不虞,→,111_卫将军骠骑列传,"尉@李朔@$、$校尉@赵不虞@$、$校尉@公孙戎奴@$,各三从$大将军$获王,以千三百户封@朔@为$@涉轵侯@$,以千三百户封@不虞@为$@随成侯@$,以千三百户封@戎奴@为$@从平侯@$。$将军@李"
封赏,随成侯,戎奴,→,111_卫将军骠骑列传,"尉@公孙戎奴@$,各三从$大将军$获王,以千三百户封@朔@为$@涉轵侯@$,以千三百户封@不虞@为$@随成侯@$,以千三百户封@戎奴@为$@从平侯@$。$将军@李沮@$、@李息@及$校尉@豆如意@$有"
封赏,为$,伊即靬,→,111_卫将军骠骑列传," 故$@归义@$$@因淳王复陆支@$、$@楼专王伊即靬@$皆从$骠骑将军$有功,以千三百户封@复陆支@为$@壮侯@$,以千八百户封@伊即靬@为$@众利侯@$。  [12.6] $@从骠侯破奴@$、$@"
封赏,湣王,田婴,→,075_孟尝君列传,=齐=师於徐州，而使人逐田婴。田婴使张丑说楚@威王@，@威王@乃止。田婴相=齐=十一年，@宣王@卒，@湣王@即位。即位三年，而封@田婴@於=薛=。  ## %五月%子立为太子  [2] 初，@田婴@有
师徒,知子,舜,→,001_五帝本纪,。尧辟位凡%二十八年%而崩。百姓悲哀，如丧父母。%三年%，四方莫举乐，以思尧。  [16.1] @尧@知子@丹硃@之不肖，不足授〔天下〕，於是乃权授@舜@。授@舜@，则〔天下〕得其利而@丹硃@病；授@
师徒,舜,丹硃,→,001_五帝本纪,四方莫举乐，以思尧。  [16.1] @尧@知子@丹硃@之不肖，不足授〔天下〕，於是乃权授@舜@。授@舜@，则〔天下〕得其利而@丹硃@病；授@丹硃@，则〔天下〕病而@丹硃@得其利。@尧@曰“终不以〔天
师徒,尧,舜,→,001_五帝本纪,於是乃权授@舜@。授@舜@，则〔天下〕得其利而@丹硃@病；授@丹硃@，则〔天下〕病而@丹硃@得其利。@尧@曰“终不以〔天下〕之病而利一人”，而卒授@舜@以〔天下〕。  [16.2] @尧@崩，%三年%
师徒,怀王,庄王,→,130_太史公自序,59.1] @重黎@业之，@吴回@接之；&殷&之季世，@粥子@牒之。&周&用@熊绎@，@熊渠@是续。@庄王@之贤，乃复国&陈&；既赦@郑伯@，班师@华元@。@怀王@客死，@兰@咎@屈原@；好谀信谗，&
师徒,厉,哀王,→,130_太史公自序,  ## [71] $齐悼惠王$世家 [71.1] 〔天下〕已平，亲属既寡；@悼惠@先壮，实镇东土。@哀王@擅兴，发怒诸@吕@，@驷钧@暴戾，=京师=弗许。@厉@之内淫，祸成@主父@。嘉@肥@股肱，作
师徒,乐毅,乐毅,→,080_乐毅列传,=齐=之利。诸侯害@齐湣王@之骄暴，皆争^合从^与=燕=伐=齐=。@乐毅@还报，@燕昭王@悉起兵，使@乐毅@为$上将军$，@赵惠文王@以$相国$印授@乐毅@。@乐毅@於是并护=赵=、=楚=、=韩=、=
师徒,胶东王,栾大,→,028_封禅书,"其先祀焉。""是岁，$天子$始巡郡县，侵寻於=泰山=矣。  [71] 其春，$乐成侯$上书言@栾大@。@栾大@，=胶东=宫人，故尝与$文成将军$=同师=，已而为@胶东王@$尚方$。而$乐成侯$姊为@康王"
师徒,$言原见$,"$明谓左右曰：""复言$",→,043_赵世家,"求救於&齐&，&齐&曰：""必以$@长安君@$为质，兵乃出。""$@太后@$不肯，$大臣$彊谏。$@太后@$明谓左右曰：""复言$@长安君@$为质者，老妇必唾其面。""$@左师触龙@$言原见$@太后@$，$@"
师徒,信平君,廉颇,→,043_赵世家,将而攻&代&。@廉颇@为@赵@将，破杀@栗腹@，虏@卿秦@、@乐间@。  [32.3] %十六年%，@廉颇@围&燕&。以@乐乘@为$@武襄君@$。率师从$相国@信平君@$助&魏&攻&燕&。&秦&拔我=
师徒,哀王,仪,→,070_张仪列传,伐，以临=周=，*祭器*必出。挟$天子$，按图籍，此王业也。”=秦=王以为然，乃具革*车*三十乘，入@仪@之梁。=齐=果兴师伐之。梁@哀王@恐。@张仪@曰：“王勿患也，请令罢=齐=兵。”乃使其$舍人$
师徒,李信,秦始皇,→,073_白起王翦列传,击荆，荆兵败。还击=魏=，=魏=王降，遂定=魏=地。  ## @李信@惨败@王翦@出山  [10] @秦始皇@既灭三=晋=，走=燕=王，而数破荆师。=秦=将@李信@者，年少壮勇，尝以兵%数千%逐=燕=
师徒,乐毅,"者,岂远%千里%哉!""於是$",→,034_燕召公世家,"$王$之耻,孤之原也。先生视可者,得身事之。""@郭隗@曰:""$王$必欲致士,先从@隗@始。况贤於@隗@者,岂远%千里%哉!""於是$@昭王@$为@隗@改筑*宫*而师事之。@乐毅@自&魏&往,@邹衍@自&"
师徒,釐子,孔丘,→,047_孔子世家,"循墙而走，亦莫敢余侮。饘於是，粥於是，以餬余口。""其恭如是。吾闻〔圣人〕之後，虽不当世，必有达者。今@孔丘@年少好^礼^，其达者欤？吾即没，若必师之。""及@釐子@卒，$@懿子@$与&鲁&人$@南宫敬叔"
师徒,闻,叔孙氏,→,033_鲁周公世家,"曰:""必杀之。""@叔孙氏@之$臣$@戾@$谓其众曰:""无@季氏@与有,孰利?""皆曰:""无@季氏@是无@叔孙氏@。""@戾@曰:""然,救@季氏@!""遂败公师。@孟懿子@闻@叔孙氏@胜,亦杀@郈昭伯@。@郈"
师徒,帝禹,益,→,002_夏本纪,皋陶@卒。封@皋陶@之後於=英=、=六=，或在=许=。而后举@益@，任之政。  [21] %十年%，@帝禹@东^巡狩^，至于=会稽=而崩。以〔天下〕授@益@。%三年%之丧毕，@益@让@帝禹@之子@启@
师徒,子,益,→,002_夏本纪,下〕授@益@。%三年%之丧毕，@益@让@帝禹@之子@启@，而辟居=箕山=之阳。  [21.1] @禹@子@启@贤，〔天下〕属意焉。及@禹@崩，虽授@益@，@益@之佐@禹@日浅，〔天下〕未洽。故诸侯皆去
推荐,帝尧,虞舜,→,001_五帝本纪,慈。欲杀，不可得；即求，尝在侧。  > [!NOTE] > [20] @舜@%年二十%以孝闻。三十而@帝尧@问可用者，$四岳$咸荐@虞舜@，曰可。於是@尧@乃以二女妻@舜@以观其内，使九男与处以观其外
推荐,商均,禹,→,001_五帝本纪, @舜@之践帝位，载$天子$旗，往朝父@瞽叟@，@夔@@夔@唯谨，如子道。封弟@象@为诸侯。@舜@子@商均@亦不肖，@舜@乃豫荐@禹@於天。%十七年%而崩。%三年%丧毕，@禹@亦乃让@舜@子，如@舜@
推荐,共工,鲧,→,001_五帝本纪,哉，惟刑之静哉！  ### 惩办四罪  [15] @讙兜@进言@共工@，@尧@曰不可而试之$工师$，@共工@果淫辟。$四岳$举@鲧@治鸿水，@尧@以为不可，$岳$彊请试之，试之而无功，故百姓不便。~三
推荐,尧,八恺,→,001_五帝本纪,利，谓之“@八恺@”。&高辛氏&有才子八人，世谓之“@八元@”。此十六族者，世济其美，不陨其名。至於@尧@，尧未能举。@舜@举@八恺@，使主后土，以揆百事，莫不时序。举@八元@，使布^五教^于四方，父
推荐,武帝,冯唐,→,102_张释之冯唐列传,及郡国*车*士。  ### [2.4] 晚年与后代  %七年%，@景帝@立，以@唐@为$楚相$，免。@武帝@立，求^贤良^，举@冯唐@。@唐@时年%九十馀%，不能复为官，乃以@唐@子@冯遂@为郎。@遂
推荐,管仲,管仲,→,062_管晏列传,不以为言。已而@鲍叔@事齐@公子小白@，@管仲@事@公子纠@。及@小白@立为@桓公@，@公子纠@死，@管仲@囚焉。@鲍叔@遂进@管仲@。@管仲@既用，任^政^於=齐=，@齐桓公@以霸，九合诸侯，一匡〔
推荐,熊绎,文,→,040_楚世家,曰@熊丽@。@熊丽@生@熊狂@，@熊狂@生@熊绎@。  ## @熊绎@受封与早期世系  [2.4] @熊绎@当@周成王@之时，举@文@、@武@勤劳之後嗣，而封@熊绎@於~楚蛮~，封以$子男$之田，姓&
推荐,灵王,"曰：""",→,040_楚世家,"其何用？""@灵王@曰：""用@桓公@。""时&郑&@子产@在焉。於是&晋&、&宋&、&鲁&、&卫&不往。@灵王@已盟，有骄色。@伍举@曰：""@桀@为=有仍=之会，~有缗~叛之。@纣@为=黎山=之会，~东夷"
推荐,子之,益,→,034_燕召公世家,"今$王$以国让於@子之@,@子之@必不敢受,是$王$与〚尧〛同行也。""&燕&$王$因属国於@子之@,@子之@大重。或曰:""〚禹〛荐@益@,已而以@启@人为$吏$。及老,而以@启@人为不足任乎天下,传之"
推荐,昭王,白起,→,072_穰侯列传,是@仇液@从之。而=秦=果免@楼缓@而=魏=厓相=秦=。  [4] 欲诛吕^礼^，^礼^出奔=齐=。@昭王@%十四年%，=魏=厓举@白起@，使=代=@向寿@将而攻=韩=、=魏=，败之=伊阙=，【斩首】
推荐,"$崩,$",贾生,→,084_屈原贾生列传,"〘马〙而死,无後。@贾生@自伤为傅无状,哭泣%岁馀%,亦死。@贾生@之死时年%三十三%矣。及$@孝文@$崩,$@孝武皇帝@$立,举@贾生@之孙%二人%至$郡守$,而@贾嘉@最好学,世其家,与余通书。至"
敌对,$、,信,↔,092_淮阴侯列传,"=，遂东追@广@至=高密=西。&楚&亦使@龙且@将，号称二十万，救&齐&。  [8.3] $@齐王广@$、@龙且@并军与@信@战，未合。人或说@龙且@曰：""&汉&兵远斗穷战，其锋不可当。&齐&、&楚&"
敌对,昆莫,岑娶,→,123_大宛列传,以@岑娶@为$太子$。@大禄@怒其不得代$太子$也，乃收其诸昆弟，将其众畔，谋攻@岑娶@及@昆莫@。@昆莫@老，常恐@大禄@杀@岑娶@，予@岑娶@%万馀骑%别居，而@昆莫@有%万馀骑%自备，国众分为三
敌对,王子比干,伍子胥,→,087_李斯列传,"缚,居^囹圄^中,仰天而叹曰:""嗟乎,悲夫!不道之君,何可为计哉!昔者〚桀〛杀@关龙逢@,〚纣〛杀$@王子比干@$,$@吴王夫差@$杀@伍子胥@。此三臣者,岂不忠哉,然而不免於死,身死而@所忠@者非也"
敌对,"$既位,患之,乃称疾不听事,与$宦者",高,→,087_李斯列传,"臣弗许,乃召$@始皇@$弟,授之*玺*。  ## [19] 子婴杀@赵高@  [19.1] $@子婴@$既位,患之,乃称疾不听事,与$宦者@韩谈@$及其子谋杀@高@。@高@上谒,请病,因召入,令@韩谈"
敌对,周武王,恶来,→,005_秦本纪,保=西垂=。生@蜚廉@。@蜚廉@生@恶来@。@恶来@有力，@蜚廉@善走，父子俱以材力事&殷&@纣@。@周武王@之伐@纣@，并杀@恶来@。是时@蜚廉@为@纣@石=北方=，还，无所报，为坛=霍太山=而报，
敌对,三父,出子,→,005_秦本纪,[9] @武公@%元年%，伐=彭戏氏=，至于=华山=下，居=平阳封宫=。  [9.1] %三年%，诛@三父@等而【夷三族】，以其杀@出子@也。&郑&@高渠眯@杀其君昭公@@。  [9.2] %十年%，
敌对,子,奚齐,→,005_秦本纪,夷吾@出奔。  [20] %九年%，@齐桓公@会诸侯於=葵丘=。  [21] @晋献公@卒。立@骊姬@子@奚齐@，其臣@里克@杀@奚齐@。@荀息@立@卓子@，@克@又杀@卓子@及@荀息@。@夷吾@使人
敌对,荀息,卓子,→,005_秦本纪,齐桓公@会诸侯於=葵丘=。  [21] @晋献公@卒。立@骊姬@子@奚齐@，其臣@里克@杀@奚齐@。@荀息@立@卓子@，@克@又杀@卓子@及@荀息@。@夷吾@使人请&秦&，求入&晋&。於是@缪公@许之
敌对,重耳,里克,→,005_秦本纪,城，而杀@里克@。  [21.1] @丕郑@闻之，恐，因与@缪公@谋曰：“&晋&人不欲@夷吾@，实欲@重耳@。今背&秦&约而杀@里克@，皆@吕甥@、@郤芮@之计也。原君以利急召@吕@、@郤@，@吕@、
敌对,丕郑,丕郑,→,005_秦本纪,、@郤@至，则更入@重耳@便。”@缪公@许之，使人与@丕郑@归，召@吕@、@郤@。@吕@、@郤@等疑@丕郑@有间，乃言@夷吾@杀@丕郑@。@丕郑@子@丕豹@奔&秦&，说@缪公@曰：“&晋&君无道，百姓
敌对,将兵助,王弟带,→,005_秦本纪,~伐王，王出居&郑&。  [27.1] %二十五年%，@周王@使人告难於&晋&、&秦&。&秦&@缪公@将兵助@晋文公@入@襄王@，杀@王弟带@。  [27.2] %二十八年%，@晋文公@败&楚&於=城
敌对,献公,出子,→,005_秦本纪,~蜀~，取=南郑=。@惠公@卒，@出子@立。  [46] @出子@%二年%，$庶长改$迎@灵公@之子@献公@于=河西=而立之。杀@出子@及其母，沈之渊旁。  [46.1] &秦&以往者数易君，君臣乖乱
敌对,武,桀,→,128_龟策列传,。飘风日起，正昼晦冥。!日月!并蚀，灭息无光。!列星!奔乱，皆绝纪纲。以是观之，安得久长！虽无@汤@@武@，时固当亡。故@汤@伐@桀@，@武王@剋@纣@，其时使然。乃为$天子$，子孙续世；终身@无咎@
敌对,箕子,周太子历,→,128_龟策列传,夸而目巧，教为象郎。将至於天，又有*玉床*。*犀玉*之器，*象箸*而羹。〔圣人〕剖其心，壮士斩其胻。@箕子@恐死，被发佯狂。杀@周太子历@，囚@文王昌@。投之*石*室，将以昔至明。阴兢活之，与之俱亡。
敌对,韩信,龙且,→,016_秦楚之际月表, |    |  %三年%%一月%  |    | |   [r68]  |    |  十一。汉将@韩信@破杀@龙且@。  |  十一  |  四  |    |  @赵王@@张耳@始，汉立之。  
敌对,项梁,庆,→,130_太史公自序,虏。作始皇〔本纪〕第六。  ## [26] @项羽@〔本纪〕 [26.1] &秦&失其道，豪桀并扰；@项梁@业之，@子羽@接之；杀@庆@救&赵&，诸侯立之；诛@婴@背&怀&，〔天下〕非之。作@项羽@〔
敌对,高祖,曹咎,→,019_惠景间侯者年表,事诛，国除。  |    |    |    |    | |  [r19] 中邑  |  以执矛从@高祖@入汉，以$中尉$破@曹咎@，用@吕相@侯，六百户。  |    |  五。%四年%%四月%丙
敌对,曹参,田既,→,094_田儋列传,&梁&，归@彭越@。@彭越@是时居&梁&地，中立，且为&汉&，且为&楚&。@韩信@已杀@龙且@，因令@曹参@进兵破杀@田既@於&胶东&，使@灌婴@破杀&齐&将@田吸@於=千乘=。@韩信@遂平&齐&，乞
敌对,闻,章邯,→,094_田儋列传,，@田角@为$相$，@田间@为将，以距诸侯。  [5] @田荣@之走=东阿=，@章邯@追围之。@项梁@闻@田荣@之急，乃引兵击破@章邯@军=东阿=下。@章邯@走而西，@项梁@因追之。而@田荣@怒&齐&
敌对,厉公,厉公,→,036_陈杞世家,年%，@厉公@所杀@桓公@$太子$@免@之三弟，长曰@跃@，中曰@林@，少曰@杵臼@，共令~蔡人~诱@厉公@以好女，与~蔡人~共杀@厉公@而立@跃@，是为@利公@。@利公@者，@桓公@子也。@利公@立
敌对,灵公,泄冶,→,036_陈杞世家,"其$大夫$@孔宁@、@仪行父@皆通於@夏姬@，衷其衣以戏於朝。@泄冶@谏曰：""君臣淫乱，民何效焉？""@灵公@以告二子，二子请杀@泄冶@，公弗禁，遂杀@泄冶@。%十五年%，@灵公@与二子饮於@夏氏@。公"
敌对,楚惠王,陈湣公,→,036_陈杞世家,王@。@叶公@攻败@白公@，@白公@自杀。  ## @楚惠王灭陈@  [26.26] %二十四年%，@楚惠王@复国，以兵北伐，杀@陈湣公@，遂灭&陈&而有之。是岁，@孔子@卒。  ## 杞国世系  [
敌对,晋灵公,盾,→,039_晋世家,"，未知母之存不，原遗母。""@盾@义之，益与之饭肉。已而为&晋&$宰夫$，@赵盾@弗复知也。%九月%，@晋灵公@饮@赵盾@酒，伏甲将攻@盾@。$公宰$@示眯明@知之，恐@盾@醉不能起，而进曰：""君赐臣，"
敌对,中行寅,赵鞅,→,039_晋世家,&。  [117.133] %十五年%，@赵鞅@使=邯郸=$大夫$@午@，不信，欲杀@午@，@午@与@中行寅@、@范吉射@亲攻@赵鞅@，@鞅@走保=晋阳=。@定公@围=晋阳=。@荀栎@、@韩不信@、@
敌对,、,范,→,039_晋世家,@范吉射@亲攻@赵鞅@，@鞅@走保=晋阳=。@定公@围=晋阳=。@荀栎@、@韩不信@、@魏侈@与@范@、@中行@为仇，乃移兵伐@范@、@中行@。@范@、@中行@反，&晋&君击之，败@范@、@中行@。@
敌对,周幽王,幽王,→,039_晋世家,@率其徒袭@殇叔@而立，是为@文侯@。   ## @文侯@时周东徙  [6.8] @文侯@%十年%，@周幽王@无道，~犬戎~杀@幽王@，&周&东徙。而@秦襄公@始列为诸侯。   ## @昭侯封曲沃桓叔
敌对,邳郑,邳郑,→,039_晋世家,"&晋&君，入@重耳@，事必就。""@秦缪公@许之，使人与归报&晋&，厚赂三子。三子曰：""币厚言甘，此必@邳郑@卖我於&秦&。""遂杀@邳郑@及@里克@、@邳郑@之党$七舆大夫$。@邳郑@子@豹@奔&秦&，"
敌对,栾,怀公,→,039_晋世家,"年数矣，今召之，是教之反君也。何以教之？""@怀公@卒杀@狐突@。@秦缪公@乃发兵送内@重耳@，使人告@栾@、@郤@之党为内应，杀@怀公@於=高梁=，入@重耳@。@重耳@立，是为@文公@。   ## @"
敌对,晋献公,奚齐,→,039_晋世家,如~，得二女：以长女妻@重耳@，生@伯鯈@、@叔刘@；以少女妻@赵衰@，生@盾@。居~狄~%五岁%而@晋献公@卒，@里克@已杀@奚齐@、@悼子@，乃使人迎，欲立@重耳@。@重耳@畏杀，因固谢，不敢入。
敌对,赵盾,阳处父,→,039_晋世家,"陈&小而远，无援：将何可乎！""使@士@会@@如&秦&迎公子@雍@。@贾季@亦使人召公子乐@於&陈&。@赵盾@废@贾季@，以其杀@阳处父@。%十月%，葬@襄公@。%十一月%，@贾季@奔~翟~。是岁，@秦"
敌对,盾,灵公,→,039_晋世家,去。   ## 赵穿弑@灵公@与@董狐直笔@  [79.88] @盾@遂奔，未出&晋&境。%乙丑%，@盾@昆弟将军@赵穿@袭杀@灵公@於=桃园=而迎@赵盾@。@赵盾@素贵，得民和；@灵公@少，侈，民不
敌对,以其党袭捕,胥童,→,039_晋世家,"首曰：""幸甚幸甚！""公使@胥童@为$卿$。%闰月%%乙卯%，@厉公@游=匠骊氏=，@栾书@、@中行偃@以其党袭捕@厉公@，囚之，杀@胥童@，而使人迎公子@周@于&周&而立之，是为@悼公@。   ## "
敌对,使=邯郸=$大夫$,午,→,039_晋世家,晋&，@赵鞅@@简子@舍之。%十二年%，@孔子@相&鲁&。  [117.133] %十五年%，@赵鞅@使=邯郸=$大夫$@午@，不信，欲杀@午@，@午@与@中行寅@、@范吉射@亲攻@赵鞅@，@鞅@走保
敌对,韩康子,知伯,→,039_晋世家,、@中行@地，最彊。   ## 三家灭@知伯@  [123.139] @哀公@%四年%，@赵襄子@、@韩康子@、@魏桓子@共杀@知伯@，尽并其地。   ## @哀公@至@幽公@  [124.140] 
敌对,猛,子朝,→,004_周本纪,@景王@爱@子朝@，欲立之，会崩，@子丐@之党与争立，国人立@长子@@猛@为王，@子朝@攻杀@猛@。@猛@为@悼王@。&晋&人攻@子朝@而立@丐@，是为@敬王@。  [54] @敬王@%元年%，&晋&
敌对,太史公,纣,→,004_周本纪,王@灭东&周&。东西&周&皆入于&秦&，&周&既不祀。  ---  ## @太史公@曰  [72] @太史公@曰：学者皆称&周&伐@纣@，居=洛邑=，综其实不然。@武王@营之，@成王@使@召公@卜居，
敌对,王子克,周公,→,004_周本纪, [42] %二十三年%，@桓王@崩，子@庄王佗@立。@庄王@%四年%，@周公黑肩@欲杀@庄王@而立@王子克@。@辛伯@告王，王杀@周公@。@王子克@饹&燕&。  [43] %十五年%，@庄王@崩，子
敌对,猛,猛,→,004_周本纪,后太子@圣@而蚤卒。%二十年%，@景王@爱@子朝@，欲立之，会崩，@子丐@之党与争立，国人立@长子@@猛@为王，@子朝@攻杀@猛@。@猛@为@悼王@。&晋&人攻@子朝@而立@丐@，是为@敬王@。  [
敌对,定王,智伯,→,004_周本纪,王@崩，子@元王仁@立。@元王@%八年%，崩，子@定王介@立。  ### &三晋&分立  [58] @定王@%十六年%，&三晋&灭@智伯@，分有其地。  [59] %二十八年%，@定王@崩，@长子@@
敌对,王悍,建德,→,050_楚元王世家,以適削$@赵王@$=常山=之郡。&吴&、&楚&反，$@赵王遂@$与合谋起兵。其$相@建德@$、$内史@王悍@$谏，不听。@遂@烧杀@建德@、@王悍@，发兵屯其西界，欲待&吴&与俱西。北使~匈奴~，与连
敌对,闻,白公,→,066_伍子胥列传,"@曰：""不杀王，不可。""乃劫王如=高府=。@石乞@从者@屈固@负楚@惠王@亡走昭@夫人@之宫。@叶公@闻@白公@为乱，率其国人攻@白公@。@白公@之徒败，亡走山中，自杀。而虏@石乞@，而问@白公@尸处"
敌对,遂斩,妲己,→,003_殷本纪,牧野=。  - %甲子日%，@纣@兵败。@纣@走入，登=鹿台=，衣其宝玉衣，赴火而死。 - @周武王@遂斩@纣@头，县之白旗。杀@妲己@。 - 释@箕子@之囚，封@比干@之墓，表@商容@之闾。 - 封
敌对,灌婴,龙且,→,008_高祖本纪,&齐&、&赵&，且欲击&楚&，则使@龙且@、@周兰@往击之。  [45.6] @韩信@与战，骑$将$@灌婴@击，大破&楚&军，杀@龙且@。  [45.7] &齐&王@广@饹@彭越@。  [45.8] 
敌对,攻杀$太子$,华元,→,038_宋微子世家,两盟&晋&&楚&。%十三年%，$@共公@$卒。@华元@为$右师$，@鱼石@为$左师$。$司马$@唐山@攻杀$太子$@肥@，欲杀@华元@，@华元@饹&晋&，@鱼石@止之，至=河=乃还，诛@唐山@。乃立$
敌对,项籍,王武,→,095_樊郦滕灌列传,下=郿=、=槐里=、=柳中=、=咸阳=；灌=废丘=，最。至=栎阳=，〈赐食〉邑=杜=之=樊乡=。从攻@项籍@，屠=煮枣=。击破@王武@、@程处@军於=外黄=。攻=邹=、=鲁=、=瑕丘=、=薛=。@项羽
敌对,董翳,陈胜,→,006_秦始皇本纪,邯@将，击破@周章@军而走，遂杀@章@=曹阳=。  [100.5] @二世@益遣$长史$@司马欣@、@董翳@佐@章邯@击盗，杀@陈胜@=城父=，破@项梁@=定陶=，灭@魏咎@=临济=。  [100.6
敌对,王翦,项燕,→,088_蒙恬列传,",@武@子曰@恬@。@恬@尝书狱典$文学$。$@始皇@$%二十三年%,@蒙武@为&秦&$裨将军$,与@王翦@攻&楚&,大破之,杀@项燕@。%二十四年%,@蒙武@攻&楚&,虏&楚&王。@蒙恬@弟@毅@。"
敌对,白起,伍奢,→,088_蒙恬列传,"$@秦穆公@$杀^三良^而死,罪@百里奚@而非其罪也,故立号曰'缪'。$@昭襄王@$杀$@武安君@$@白起@。$@楚平王@$杀@伍奢@。$@吴王夫差@$杀@伍子胥@。此四君者,皆为大失,而〔天下〕非之"
敌对,吴王夫差,伍子胥,→,088_蒙恬列传,"奚@而非其罪也,故立号曰'缪'。$@昭襄王@$杀$@武安君@$@白起@。$@楚平王@$杀@伍奢@。$@吴王夫差@$杀@伍子胥@。此四君者,皆为大失,而〔天下〕非之,以其君为不明,以是籍於诸侯。故曰'用"
敌对,因为$,蒙,→,088_蒙恬列传,"@恐@蒙@氏复贵而用事,怨之。  ## [6] @赵高@谮@蒙毅@  [6.1] @毅@还至,@赵高@因为$@胡亥@$忠计,欲以灭@蒙@氏,乃言曰:""臣闻先帝欲举贤立$太子$久矣,而@毅@谏曰'不可'"
敌对,项伯,布,→,091_黥布列传,，悔来，欲自杀。出就舍，帐御饮食从官如&汉&王居，@布@又大喜过望。於是乃使人入&九江&。&楚&已使@项伯@收&九江&兵，尽杀@布@妻子。@布@使者颇得故人幸臣，将众%数千人%归&汉&。&汉&益分@布
敌对,布,黥布,→,091_黥布列传,与@番君@婚，以故=长沙=$哀王$使人绐@布@，伪与亡，诱走&越&，故信而随之=番阳=。=番阳=人杀@布@=兹乡=民田舍，遂灭@黥布@。  [18] 立$皇子$@长@为=淮南=王，封@贲赫@为$期思侯
敌对,子我,田,→,046_田敬仲完世家,"@田常@$出，闻$@简公@$怒，恐诛，将出亡。$@田子行@$曰：""需，事之贼也。""$@田常@$於是击@子我@。@子我@率其徒攻@田@氏，不胜，出亡。@田@氏之徒追杀@子我@及@监止@。  [7.3] "
敌对,"曰：""过矣君之谋也！&秦&、",韩,→,046_田敬仲完世家,"之？""@驺忌@曰：""不若勿救。""@段干朋@曰：""不救，则@韩@且折而入於@魏@，不若救之。""@田臣思@曰：""过矣君之谋也！&秦&、@魏@攻@韩@、&楚&，@赵@必救之，是天以&燕&予&齐&也。""$@桓"
敌对,建,赵,→,046_田敬仲完世家,"。%十九年%，$@襄王@$卒，子@建@立。  ## [26] @齐王@建与齐亡  [26.1] $王@建@$立%六年%，&秦&攻@赵@，&齐&、&楚&救之。&秦&计曰：""&齐&、&楚&救@赵@，亲则退"
敌对,成侯忌,魏,→,046_田敬仲完世家,"魏@之弊。""$@威王@$从其计。  [17.2] 其後$@成侯驺忌@$与@田忌@不善，@公孙阅@谓$@成侯忌@$曰：""公何不谋伐@魏@，@田忌@必将。战胜有功，则公之谋中也；战不胜，非前死则後北，而命"
敌对,$既相$,知伯,→,046_田敬仲完世家,@$代立，相&齐&。@常@谥为$@成子@$。  ## [9] @田氏@势强  [9.1] $@田襄子@$既相$@齐宣公@$，^三晋^杀@知伯@，分其地。$@襄子@$使其兄弟宗人尽为&齐&都邑$大夫$，
敌对,婴,襄彊,→,048_陈涉世家,此时，&楚&兵%数千人%为聚者，不可胜数。  [3.2] @葛婴@至=东城=，立@襄彊@为$楚王$。@婴@後闻$陈王$已立，因杀@襄彊@，还报。至&陈&，$陈王$诛杀@葛婴@。$陈王$令@魏@人@周市
敌对,=代=,乐乘,→,080_乐毅列传,@廉颇@为=赵=围=燕=，=燕=重^礼^以和，乃解。後%五岁%，=赵=@孝成王@卒。@襄王@使@乐乘@=代=@廉颇@。@廉颇@攻@乐乘@，@乐乘@走，@廉颇@亡入=魏=。其後%十六年%而=秦=灭=赵=
敌对,吴王,吴王,→,106_吴王濞列传,保~东越~。~东越~兵可%万馀%人，乃使人收聚亡卒。&汉&使人以利啗~东越~，~东越~即绐@吴王@，@吴王@出劳军，即使人鏦杀@吴王@，盛其头，驰传以闻。@吴王@子@子华@、@子驹@亡走~闽越~。@吴
敌对,栾氏,庆封,→,014_十二诸侯年表,97] 545  |    |  二十七  |  二十八公如楚。葬@康王@。  |  三冬，鲍、高、@栾氏@谋@庆封@，发兵攻@庆封@，@庆封@奔吴。  |  十三  |  三十二  |  十五@康王
敌对,胜杀$令尹$,惠王,→,014_十二诸侯年表, |  四十一  |  十六@孔子@卒。  |  二  |  三十三  |  十二  |  十@白公@胜杀$令尹$@子西@，攻@惠王@。@叶公攻@白公@，@白公@自杀。@惠王@复国。  |  三十八 
敌对,孔父,孔父,→,014_十二诸侯年表,*太庙*，〔君子〕讥之。  |  二十一  |  八  |  六  |  三十一  |  @华督@见@孔父@妻好，悦之。@华督@杀@孔父@，及杀@殇公@。@宋公@冯$元年$@华督@为相。  |  九 
敌对,季友,庆父,→,014_十二诸侯年表,  |    | |  [r182] 660  |    |  十七  |  二@庆父@杀@湣公@。@季友@自陈立申，为厘公。杀@庆父@。  |  二十六  |  十七@申生@$将军$，〔君子〕知其废
敌对,䓨$元年$  |  六  |  十七,成公,→,014_十二诸侯年表,三十二  |  七  |  十三  |  晋@灵公@@夷皋@$元年$@赵盾@专政。  |  @秦康公@䓨$元年$  |  六  |  十七@公孙@固杀@成公@。  |  十五  |  十二  |  二
敌对,$元年$,孺子,→,014_十二诸侯年表,|  六  | |  [r353] 489  |    |  三十一  |  六  |  齐@晏孺子@$元年$@田乞@诈立@阳生@，杀@孺子@。  |  二十三  |  二  |  二十七救陈，王死@
敌对,伊稚斜,军臣,→,110_匈奴列传,@$单于$即位 [26.1] 其後%冬%，~匈奴~@军臣@$单于$死。@军臣@$单于$弟$左谷蠡王$@伊稚斜@自立为$单于$，攻破@军臣@$单于$太子@於单@。@於单@亡降&汉&，&汉&封@於单@为$
敌对,中,信,→,122_酷吏列传,，然独@宣@以小致大，能因力行之，难以为经。@中@废。为$右扶风$，坐怨@成信@，@信@亡藏=上林=@中@，@宣@使$郿令$格杀@信@，吏卒格@信@时，射@中@^上林苑^门，@宣@下吏诋罪，以为大逆，
敌对,项王,枞公,→,007_项羽本纪,".1] @周苛@骂曰：  > ""若不趣降&汉&，&汉&今虏若，若非&汉&敌也。""  [135.2] @项王@怒，烹@周苛@，井杀@枞公@。  ## =成皋=争夺  ### =成皋=争夺  [136.1"
敌对,缪王,徐偃王,→,043_赵世家,，献之$@缪王@$。$@缪王@$使@造父@御，西^巡狩^，见〚西王母〛，乐之忘归。而@徐偃王@反，$@缪王@$日驰*千里马*，攻@徐偃王@，大破之。乃赐@造父@以=赵城=，由此为@赵@氏。  [1.3
敌对,赵梁,韩,→,043_赵世家,@惠文王@后期  [27.1] %五年%，与&燕&=鄚=、=易=。%八年%，城=南行唐=。%九年%，@赵梁@将，与&齐&合军攻@韩@，至=鲁关=下。及%十年%，&秦&自置为西帝。%十一年%，@董叔@与
敌对,韩不佞,范,→,043_赵世家,"侯@$曰：""君命大臣，始乱者死。今三臣始乱而独逐@鞅@，用刑不均，请皆逐之。""%十一月%，@荀栎@、@韩不佞@、@魏哆@奉公命以伐@范@、@中行@氏，不克。@范@、@中行@氏反伐公，公击之，@范@、@"
敌对,不请而擅与诸将攻,赵朔,→,043_赵世家,"厥@告@赵朔@趣亡。@朔@不肯，曰：""子必不绝@赵@祀，@朔@死不恨。""@韩厥@许诺，称疾不出。@贾@不请而擅与诸将攻@赵@氏於^下宫^，杀@赵朔@、@赵同@、@赵括@、@赵婴齐@，皆灭其族。  [4"
敌对,杵臼,杵臼,→,043_赵世家,"@赵@氏孤兒，今又卖我。纵不能立，而忍卖之乎！""抱兒呼曰：""天乎天乎！@赵@氏孤兒何罪？请活之，独杀@杵臼@可也。""诸将不许，遂杀@杵臼@与孤兒。诸将以为@赵@氏孤@兒良@已死，皆喜。然@赵@氏真孤乃"
敌对,午,午,→,043_赵世家,"=。""@午@许诺，归而其父兄不听，倍言。@赵鞅@捕@午@，囚之=晋阳=。乃告=邯郸=人曰：""我私有诛@午@也，诸君欲谁立？""遂杀@午@。@赵稷@、@涉宾@以=邯郸=反。&晋&君使@籍秦@围=邯郸=。@"
敌对,灵侯,平侯,→,035_管蔡世家,亲诸侯，故复立&陈&、&蔡&後。  ## @悼侯@至@昭侯@  [17.17] @平侯@%九年%卒，@灵侯@@般@之孙@东国@攻@平侯@子而自立，是为@悼侯@。@悼侯@@父@曰@隐太子友@。@隐太子友
敌对,卒而,平侯,→,035_管蔡世家,@。@悼侯@@父@曰@隐太子友@。@隐太子友@者，@灵侯@之太子，@平侯@立而杀@隐太子@，故@平侯@卒而@隐太子@之子@东国@攻@平侯@子而代立，是为@悼侯@。@悼侯@%三年%卒，弟@昭侯申@立。 
敌对,成王,管叔,→,035_管蔡世家,周公旦@专$王$室。@管叔@、@蔡叔@疑@周公@之为不利於@成王@，乃挟@武庚@以作乱。@周公旦@承@成王@命伐诛@武庚@，杀@管叔@，而放@蔡叔@，迁之，与车十乘，徒七%十人%从。而分&殷&馀民为二
敌对,灵侯,隐太子,→,035_管蔡世家,@@般@之孙@东国@攻@平侯@子而自立，是为@悼侯@。@悼侯@@父@曰@隐太子友@。@隐太子友@者，@灵侯@之太子，@平侯@立而杀@隐太子@，故@平侯@卒而@隐太子@之子@东国@攻@平侯@子而代立，是
敌对,幽伯,幽伯,→,035_管蔡世家, @夷伯@%二十三年%，&周&@厉王@奔于=彘=。  [27.27] %三十年%卒，弟@幽伯彊@立。@幽伯@%九年%，弟@苏@杀@幽伯@代立，是为@戴伯@。@戴伯@%元年%，&周&@宣王@已立%三岁%
敌对,阳穀,子反,→,040_楚世家,&晋&兵战=鄢陵=，&晋&败&楚&，射中@共王@目。@共王@召$将军$@子反@。@子反@嗜酒，从者竖@阳穀@进酒醉。王怒，射杀@子反@，遂罢兵归。  ## @康王@至@郏敖@  [33.36] %三十
敌对,弃疾,灵王,→,040_楚世家,&间。使矫@公子弃疾@命召@公子比@於&晋&，至&蔡&，与&吴&、~越~兵欲袭&蔡&。令@公子比@见@弃疾@，与盟於=邓=。遂入杀@灵王@太子禄@，立@子比@为$王$，@公子子晳@为$令尹$，@弃疾@
敌对,观从,弃疾,→,040_楚世家,"初王比自立  [42.46] 是时&楚&国虽已立@比@为$王$，畏@灵王@复来，又不闻@灵王@死，故@观从@谓初王@比@曰：""不杀@弃疾@，虽得国犹受祸。""王曰：""余不忍。""@从@曰：""人将忍王。""王"
敌对,幽王,春申君,→,040_楚世家,=寿春=，命曰=郢=。  ## @幽王@至@哀王@  [95.99] %二十五年%，@考烈王@卒，子@幽王@@悍@立。@李园@杀@春申君@。@幽王@%三年%，&秦&、&魏&伐&楚&。&秦&相@吕不韦@
敌对,哀王,哀王,→,040_楚世家,九年%，&秦&灭&韩&。%十年%，@幽王@卒，同母弟@犹@代立，是为@哀王@。@哀王@立%二月%馀，@哀王@庶兄@负刍@之徒袭杀@哀王@而立@负刍@为$王$。是岁，&秦&虏@赵王迁@。  ## @负刍
敌对,去病,敢,→,109_李将军列传,之恨其父，乃击伤$大将军$，$大将军$匿讳之。居无何，@敢@从上=雍=，至=甘泉宫=猎。$骠骑将军$@去病@与@青@有亲，射杀@敢@。@去病@时方贵幸，上讳云〘鹿〙触杀之。居%岁馀%，@去病@死。而@
敌对,悼王,吴起,→,065_孙子吴起列传,平百=越=；北并陈=蔡=，卻三=晋=；西伐=秦=。诸侯患=楚=之彊。故=楚=之贵戚尽欲害@吴起@。及@悼王@死，宗室大臣作乱而攻@吴起@，@吴起@走之王尸而伏之。击@起@之徒因射刺@吴起@，并中@悼王
敌对,益,益,→,034_燕召公世家,"子之@大重。或曰:""〚禹〛荐@益@,已而以@启@人为$吏$。及老,而以@启@人为不足任乎天下,传之於@益@。已而@启@与交党攻@益@,夺之。天下谓〚禹〛名传天下於@益@,已而实令@启@自取之。今$王$"
敌对,$与$太子$,子之,→,034_燕召公世家,"不听政,顾为$臣$,国事皆决於@子之@。  [15.3] %三年%,国大乱,百姓恫恐。$将军$@市被@$与$太子$@平@$谋,将攻@子之@。诸将谓&齐&$@湣王@$曰:""因而赴之,破&燕&必矣。""&齐"
敌对,廉颇,乐乘,→,034_燕召公世家,"%十年%,&赵&使@廉颇@将攻=繁阳=,拔之。&赵&$@孝成王@$卒,$@悼襄王@$立。使@乐乘@代@廉颇@,@廉颇@不听,攻@乐乘@,@乐乘@走,@廉颇@奔=大梁=。%十二年%,&赵&使@李牧@攻&"
敌对,王翦,赵葱,→,081_廉颇蔺相如列传,受命，&赵&使人微捕得@李牧@，斩之。  [27.5] 废@司马尚@。  [27.6] %後三月%，@王翦@因急击&赵&，大破杀@赵葱@，虏%赵王迁%及其将@颜聚@，遂灭&赵&。  ## @太史公@曰
敌对,茀,无知,→,032_齐太公世家,茀@示之创，乃信之。待宫外，令@茀@先入。@茀@先入，即匿@襄公@户间。良久，@无知@等恐，遂入宫。@茀@反与宫中及公之幸臣攻@无知@等，不胜，皆死。@无知@入宫，求公不得。或见人足於户间，发视，乃@
敌对,抱上,鲁桓公,→,032_齐太公世家,。@鲁桓公@知之，怒@夫人@，@夫人@以告@齐襄公@。@齐襄公@与@鲁君@饮，醉之，使$力士$@彭生@抱上@鲁君@*车*，因拉杀@鲁桓公@，@桓公@下*车*则死矣。~鲁人~以为让，而@齐襄公@杀@彭生
敌对,自少好善$大夫$,无知,→,032_齐太公世家,@、@召忽@傅之。次弟@小白@奔&莒&，@鲍叔@傅之。@小白@母，~卫女~也，有宠於@釐公@。@小白@自少好善$大夫$@高傒@。及=雍林=人杀@无知@，议立君，@高@、@国@先阴召@小白@於&莒&。&
敌对,因,孝公,→,032_齐太公世家,=也。%夏%，@宋襄公@卒。%七年%，@晋文公@立。  [46] %十年%，@孝公@卒，@孝公弟@潘@因@@卫公@子@开方@杀@孝公@@子而立@潘@，是为@昭公@。@昭公@，@桓公@子也，其母曰@葛嬴
敌对,仇,成,→,032_齐太公世家,"杼@家，家皆奔亡。@崔杼@怒，无人，使一$宦者$御，见@庆封@。@庆封@曰：""请为子诛之。""使@崔杼@仇@卢蒲嫳@攻@崔氏@，杀@成@、@彊@，尽灭@崔氏@，@崔杼@妇自杀。@崔杼@毋归，亦自杀。@庆"
敌对,庆封,崔杼,→,032_齐太公世家,崔氏@，@崔杼@妇自杀。@崔杼@毋归，亦自杀。@庆封@为$相国$，专权。  [63] %三年十月%，@庆封@出猎。初，@庆封@已杀@崔杼@，益骄，嗜酒好猎，不听政令。@庆舍@用政，已有内郤。@田文子@
敌对,国惠子,高昭子,→,032_齐太公世家,牧@乃与$大夫$以兵入公宫，攻@高昭子@。@昭子@闻之，与@国惠子@救公。公师败，@田乞@之徒追之，@国惠子@奔&莒&，遂反杀@高昭子@。@晏圉@奔&鲁&。%八月%，=齐=秉意兹。@田乞@败二相，乃使
敌对,"$,$",专诸,→,086_刺客列传,"中,使@专诸@置*匕首*〘鱼〙*炙*之腹中而进之。既至王前,@专诸@擘〘鱼〙,因以*匕首*刺$@王僚@$,$@王僚@$立死。左右亦杀@专诸@,王人扰乱。$@公子光@$出其伏甲以攻$@王僚@$之徒,尽灭"
敌对,丹,丹,→,086_刺客列传,"李信@追击&燕&王急,$@代王嘉@$乃遗&燕&王$@喜@$书曰:""&秦&所以尤追&燕&急者,以$太子@丹@$故也。$今王$诚杀@丹@献之&秦&王,&秦&王必解,而^社稷^幸得〈血食〉。""其後@李信@追"
敌对,$与&韩&、&魏&合谋灭,智伯,→,086_刺客列传,"氏及@中行@氏,而无所知名。去而事@智伯@,@智伯@甚尊宠之。及@智伯@伐$@赵襄子@$,$@赵襄子@$与&韩&、&魏&合谋灭@智伯@,灭@智伯@之後而三分其地。$@赵襄子@$最怨@智伯@,漆其头以为"
敌对,以$舍人$侍,项籍,→,056_陈丞相世家,。  [21] @食其@亦=沛=人。汉$王$之败=彭城=西，=楚=取@太上皇@、@吕后@为质，@食其@以$舍人$侍@吕后@。其後从破@项籍@为$侯$，幸於@吕太后@。及为相，居中，百官皆因决事。  [
敌对,安,韩,→,045_韩世家,] %三十四年%，$@桓惠王@$卒，子$王@安@$立。  ## [19] 韩亡  [19.1] $王@安@$%五年%，&秦&攻@韩@，@韩@急，使@韩非@使&秦&，&秦&留@非@，因杀之。  [19.
敌对,宣子,范,→,045_韩世家,%十二年%，$@韩宣子@$与@赵@、@魏@共分~祁氏~、~羊舌氏~十县。$@晋定公@$%十五年%，$@宣子@$与@赵简子@侵伐@范@、@中行@氏。$@宣子@$卒，子$@贞子@$代立。$@贞子@$徙居=
敌对,列侯,韩,→,045_韩世家,围我=阳翟=。$@景侯@$卒，子$@列侯取@$立。  ## [6] @韩列侯@时期  [6.1] $@列侯@$%三年%，@聂政@杀@韩@$相@侠累@$。%九年%，&秦&伐我=宜阳=，取六邑。%十三年%
敌对,将$侯敞$、,豨,→,093_韩信卢绾列传,"上曰：""吾知之矣。""乃各以*千金*购@黄@、@臣@等。  [17] %十一年冬%，&汉&兵击斩@陈豨@将$侯敞$、@王黄@於=曲逆=下，破@豨@将@张春@於=聊城=，【斩首】%万馀%。$太尉$$勃$入"
敌对,桓子,阳虎,→,033_鲁周公世家,"&@阳虎@邑以从政。%八年%,@阳虎@欲尽杀^三桓^適,而更立其所善庶子以代之;载@季桓子@将杀之,@桓子@诈而得脱。^三桓^共攻@阳虎@,@阳虎@居=阳关=。%九年%,&鲁&伐@阳虎@,@阳虎@奔&"
敌对,周公,纣,→,033_鲁周公世家,"。及$@武王@$即位,@旦@常辅翼$@武王@$,用@事@居多。$@武王@$%九年%,东伐至=盟津=,@周公@辅行。%十一年%,伐@纣@,至=牧野=,@周公@佐$@武王@$,作^牧誓^。破&殷&,入&商"
敌对,昭公,季氏,→,033_鲁周公世家,"@季氏@,@臧昭伯@囚@季氏@人。@季平子@怒,囚@臧氏@老。@臧@、@郈氏@以难告$@昭公@$。$@昭公@$%九月%%戊戌%伐@季氏@,遂入。@平子@登*台*请曰:""$君$以谗不察$臣$罪,诛之,请"
敌对,庆父,庆父,→,033_鲁周公世家,"立之,是为$@釐公@$。$@釐公@$亦$@庄公@$少子。@哀姜@恐,奔&邾&。@季友@以赂如&莒&求@庆父@,@庆父@归,使人杀@庆父@,@庆父@请奔,弗听,乃使$大夫$@奚斯@$行哭而往。@庆父@闻"
敌对,孟懿子,郈昭伯,→,033_鲁周公世家,"无@季氏@与有,孰利?""皆曰:""无@季氏@是无@叔孙氏@。""@戾@曰:""然,救@季氏@!""遂败公师。@孟懿子@闻@叔孙氏@胜,亦杀@郈昭伯@。@郈昭伯@为公使,故@孟氏@得之。三家共伐公,公遂奔。%己"
敌对,桀,汤,→,002_夏本纪,@释之@。@汤@修德，诸侯皆归@汤@，@汤@遂率兵以伐@夏桀@。@桀@走=鸣条=，遂放而死。  - @桀@谓人曰：“吾悔不遂杀@汤@於=夏台=，使至此。”  @汤@乃践$天子$位，代&夏&朝〔天下〕。
敌对,成王,武庚禄父,→,037_卫康叔世家,@成王@$治，当国。@管叔@、@蔡叔@疑@周公@，乃与@武庚禄父@作乱，欲攻=成周=。@周公旦@以$@成王@$命兴师伐&殷&，杀@武庚禄父@、@管叔@，放@蔡叔@，以@武庚@&殷&馀民封@康叔@为&卫
敌对,$$夫人$,南子,→,037_卫康叔世家,之如&鲁&。後有隙，@孔子@去。後复来。  [31.32] %三十九年%，$太子$@蒯聩@与$@灵公@$$夫人$@南子@有恶，欲杀@南子@。@蒯聩@与其徒@戏阳@谋，朝，使杀$夫人$。@戏阳@後悔，不
敌对,"既疏,不复在位,使於&齐&,顾反,谏$",张仪,→,084_屈原贾生列传,"尚@,而设诡辩於$@怀王@$之$宠姬@郑袖@$。$@怀王@$竟听@郑袖@,复释去@张仪@。是时@屈平@既疏,不复在位,使於&齐&,顾反,谏$@怀王@$曰:""何不杀@张仪@?""$@怀王@$悔,追@张仪@"
敌对,成陵君,赵,→,044_魏世家,"请罢@魏@兵，免$@成陵君@$可乎？""$卫君$曰：""先生果能，孤请世世以&卫&事先生。""@如耳@见$@成陵君@$曰：""昔者@魏@伐@赵@，断=羊肠=，拔=阏与=，约斩@赵@，@赵@分而为二，所以不亡者"
敌对,阖庐,夫,→,031_吴太伯世家,@阖庐@弟@夫@见&秦&、&越&交败=吴=，@吴王@留&楚&不去，@夫@亡归=吴=而自立为@吴王@。@阖庐@闻之，乃引兵归，攻@夫@。@夫@败奔&楚&。  [28.4] @楚昭王@乃得以%九月%复入=
朋友,成侯驺忌,田忌,↔,046_田敬仲完世家,"南攻=襄陵=以弊@魏@，=邯郸=拔*而乘*@魏@之弊。""$@威王@$从其计。  [17.2] 其後$@成侯驺忌@$与@田忌@不善，@公孙阅@谓$@成侯忌@$曰：""公何不谋伐@魏@，@田忌@必将。战胜有"
朋友,参,萧何,↔,054_曹相国世家,然。夫狱市者，所以并容也，今君扰之，奸人安所容也？吾是以先之。”   ### 继相守成  [11] @参@始微时，与@萧何@善；及为$将相$，有卻。至何且死，所推贤唯@参@。@参@=代=何为汉$相国$
朋友,、,午,↔,043_赵世家,"@也，诸君欲谁立？""遂杀@午@。@赵稷@、@涉宾@以=邯郸=反。&晋&君使@籍秦@围=邯郸=。@荀寅@、@范吉射@与@午@善，不肯助@秦@而谋作乱，@董安于@知之。%十月%，@范@、@中行@氏伐$@赵"
朋友,张仪,苏秦,↔,070_张仪列传,] @苏秦@已说=赵=王而得相约从亲，然恐=秦=之攻诸侯，败约後负，念莫可使用於=秦=者，乃使人微感@张仪@曰：“子始与@苏秦@善，今=秦=已当路，子何不往游，以求通子之原？”@张仪@於是之=赵=，上
朋友,"$为婚,而",子之,↔,034_燕召公世家,"子之乱政  [15.1] &燕&@哙@既立,&齐&人杀@苏秦@。@苏秦@之在&燕&,与其$相$@子之@$为婚,而@苏代@与@子之@交。及@苏秦@死,而&齐&$@宣王@$复用@苏代@。&燕&@哙@%三年"
朋友,"$曰:""曩者",以$,↔,033_鲁周公世家,"忧?""$@庄公@$患@叔牙@欲立@庆父@,退而问@季友@。@季友@曰:""请以死立@斑@也。""$@庄公@$曰:""曩者@叔牙@欲立@庆父@,柰何?""@季友@以$@庄公@$命命@牙@待於=针巫氏=,使@针季"
朋友,叔孙氏,竟立子,↔,033_鲁周公世家,"饮@叔牙@以*鸩*,曰:""饮此则有後奉〚祀〛;不然,死且无後。""@牙@遂饮*鸩*而死,&鲁&立其子为@叔孙氏@。%八月%%癸亥%,$@庄公@$卒,@季友@竟立子@斑@为$君$,如$@庄公@$命。侍〚丧"
朋友,"私通,欲立",立,↔,033_鲁周公世家,"立子@斑@为$君$,如$@庄公@$命。侍〚丧〛,舍于=党氏=。  [14.2] 先时@庆父@与@哀姜@私通,欲立@哀姜@娣子@开@。及$@庄公@$卒而@季友@立@斑@,%十月%%己未%,@庆父@使圉人"
朋友,使,"闻之,自&陈&与$",↔,033_鲁周公世家,"@湣公@$%二年%,@庆父@与@哀姜@通益甚。@哀姜@与@庆父@谋杀$@湣公@$而立@庆父@。@庆父@使@卜齮@袭杀$@湣公@$於=武闱=。@季友@闻之,自&陈&与$@湣公@$弟@申@如&邾&,请&鲁"
朋友,$亦$,以赂如&莒&求,↔,033_鲁周公世家,"鲁&人欲诛@庆父@。@庆父@恐,奔&莒&。於是@季友@奉子@申@入,立之,是为$@釐公@$。$@釐公@$亦$@庄公@$少子。@哀姜@恐,奔&邾&。@季友@以赂如&莒&求@庆父@,@庆父@归,使人杀@庆"
朋友,及子,"之将生也,父&鲁&$",↔,033_鲁周公世家,"。&鲁&$@釐公@$请而葬之。  [15.2] @季友@母&陈&女,故亡在&陈&,&陈&故佐送@季友@及子@申@。@季友@之将生也,父&鲁&$@桓公@$使人卜之,曰:""男也,其名曰'友',间于两〚社〛"
朋友,季氏,"有大功於&鲁&,受=鄪=为$上卿$,至于",↔,033_鲁周公世家,"  ## [22] @定公@时期  [22.1] $@定公@$立,&赵&@简子@问$@史墨@$曰:""@季氏@亡乎?""$@史墨@$对曰:""不亡。@季友@有大功於&鲁&,受=鄪=为$上卿$,至于@文子@、"
母子,孟说,昭襄王,→,005_秦本纪,力士$@任鄙@、@乌获@、@孟说@皆至$大官$。王与@孟说@举*鼎*，绝膑。%八月%，@武王@死。族@孟说@。@武王@取&魏&女为后，无子。立异母弟，是为@昭襄王@。@昭襄@母&楚&人，姓&琇氏&，号
母子,鲁姬,出子,→,005_秦本纪,宁公@生%十岁%立，立%十二年%卒，葬=西山=。生子%三人%，长男@武公@为太子。@武公弟德公@，同母@鲁姬@子。生@出子@。@宁公@卒，$大庶长$@弗忌@、@威垒@、@三父@废太@子而立@@出子@为
母子,齐桓公,同母女弟为,→,039_晋世家,子@夷吾@居=屈=。@献公@与@骊姬@子@奚齐@居=绛=。&晋&国以此知太子不立也。太子@申生@，其母@齐桓公@女也，曰@齐姜@，早死。@申生@同母女弟为@秦穆公@@夫人@。@重耳@母，~翟~之狐氏女
母子,往见$,辟阳侯,→,097_郦生陆贾列传,"平原君@$善，过之。$@平原君@$家贫，未有以发丧，方假贷服具，@陆生@令$@平原君@$发丧。@陆生@往见$@辟阳侯@$，贺曰：""$@平原君@$母死。""$@辟阳侯@$曰：""$@平原君@$母死，何乃贺我"
母子,微子启,辛,→,003_殷本纪,子@帝太丁@立。@帝太丁@崩，子@帝乙@立。@帝乙@立，&殷&益衰。  [28] @帝乙@@长子@曰@微子启@，@启@母贱，不得嗣。少子@辛@，@辛@母$正后$，@辛@为嗣。@帝乙@崩，子@辛@立，是
母子,、=高陵=君皆,穰侯,→,079_范睢蔡泽列传,  ## 远交近攻说@昭王@  [7] @穰侯@，@华阳@君，@昭王@母@宣太后@之弟也；而@泾阳君@、=高陵=君皆@昭王@同母弟也。@穰侯@相，%三人%者更将，有封邑，以太后故，私家富重於王室。及@
母子,鸱$元年$齐,灵公,→,014_十二诸侯年表,。  |  @晋景公@据$元年$与宋伐郑。  |  五  |  十五  |  十二  |  卫@穆公@鸱$元年$齐@崔杼@来奔。  |  十五夏征舒以其母辱，杀@灵公@。  |  十三  |  十九 
母子,"$代立,是为$",$后为$,→,085_吕不韦列传,"@庄襄王@立,@吕不韦@为相  [7.1] &秦&王立%一年%,薨,谥为$@孝文王@$。$太子@子楚@$代立,是为$@庄襄王@$。$@庄襄王@$所母$@华阳@$后为$@华阳太后@$,真母@夏姬@尊以为"
母子,无忌,昭王,→,077_魏公子列传,# [0] @魏公子@列传  ## @信陵君@礼贤下士  [1] @魏公子@@无忌@者，魏@昭王@子少子而@魏安釐王@异母弟也。@昭王@薨，@安釐王@即位，封公子为@信陵君@。是时@范睢@亡=魏=相=
母子,、子,宣公,→,037_卫康叔世家,$@宣公@$见所欲为$太子$妇者好，说而自取之，更为$太子$取他女。$@宣公@$得&齐&女，生子@寿@、子@朔@，令$左公子$傅之。$太子$@伋@母死，$@宣公@$正$夫人$与@朔@共谗恶$太子$@伋
母子,濮王,王子,→,111_卫将军骠骑列传,"封@去病@五%千户%。赐$校尉$从至~小月氏~爵$左庶长$。$鹰击司马@破奴@$再从$骠骑将军$斩$@濮王@$,捕$@稽沮王@$,$千骑将$得王、王母各一人,@王子@以下四十一人,捕虏三千三百三%十人"
父子,得罪於,吕后,→,092_淮阴侯列传,"@病不从。阴使人至@豨@所，曰：""弟举兵，吾从此助公。""@信@乃谋与家臣夜诈诏赦诸官徒奴，欲发以袭$@吕后@$、$太子$。部署已定，待@豨@报。其@舍人@得罪於@信@，@信@囚，欲杀之。@舍人@弟上变"
父子,岑娶,岑娶,→,123_大宛列传,"十馀子%，其$中子$曰@大禄@，彊，善将众，将众别居%万馀骑%。@大禄@兄为$太子$，$太子$有子曰@岑娶@，而$太子$蚤死。临死谓其父@昆莫@曰：""必以@岑娶@为$太子$，无令他人代之。""@昆莫@哀"
父子,、,许由,→,061_伯夷列传,@，@许由@不受，耻之逃隐。及&夏&之时，有@卞随@、@务光@者。此何以称焉？余登=箕山=，其上盖有@许由@冢云。@孔子@序列古之仁〔圣贤〕人，如=吴=@太伯@、@伯夷@之伦详矣。余以所闻由、光义至高
父子,"$以数直谏上,上使监*兵*=上郡=,","$有%二十馀子%,",→,087_李斯列传,"=会稽=,并海上,北抵=琅邪=。$丞相@斯@$、$中车府令@赵高@$兼行$符玺令$事,皆从。$@始皇@$有%二十馀子%,@长子@$@扶苏@$以数直谏上,上使监*兵*=上郡=,@蒙恬@为将。少子$@胡亥"
父子,及幸$宦者$五六人知$,赵高,→,087_李斯列传,"@$曰:""以*兵*属@蒙恬@,与丧会=咸阳=而葬。""书已封,未授使者,$@始皇@$崩。书及*玺*皆在@赵高@所,独子$@胡亥@$、$丞相@李斯@$、@赵高@及幸$宦者$五六人知$@始皇@$崩,馀群臣皆"
父子,今上,"$曰:""上崩,赐",→,087_李斯列传,"然@高@之言,@高@曰:""不与$丞相$谋,恐事不能成,臣请为子与$丞相$谋之。""@高@乃谓$丞相@斯@$曰:""上崩,赐@长子@书,与丧会=咸阳=而立为嗣。书未行,@今上@崩,未有知者也。所赐@长子@书"
父子,"曰:""此五者皆不及",蒙恬,→,087_李斯列传,"4] @高@曰:""君侯自料能孰与@蒙恬@？功高孰与@蒙恬@？谋远不失孰与@蒙恬@？无怨於〔天下〕孰与@蒙恬@？@长子@旧而信之孰与@蒙恬@？""@斯@曰:""此五者皆不及@蒙恬@,而君责之何深也?""@高@"
父子,扶苏,扶苏,→,087_李斯列传,",不能进而前,士卒多秏,无尺寸之功,乃反数上书直言诽谤我所为,以不得罢归为$太子$,%日夜%怨望。$@扶苏@$为人子不孝,其赐*剑*以自裁!将军@恬@与$@扶苏@$居外,不匡正,宜知其谋。为$人臣$不"
父子,为$,、$,→,087_李斯列传,"今@高@有邪佚之志,危反之行,如$@子罕@$相&宋&也;私家之富,若@田@氏之於&齐&也。兼行@田常@、$@子罕@$之逆道而劫陛下之威信,其志若@韩@为$@韩安@$相也。陛下不图,臣恐其为变也。""  "
父子,斯,"案$丞相$狱,治罪,责",→,087_李斯列传,"以@@赵高@为佐,吾必见寇至=咸阳=,〘麋鹿〙游於朝也。""  [16.2] 於是$@二世@$乃使@高@案$丞相$狱,治罪,责@斯@与子@由@谋反状,皆收捕宗族宾客。@赵高@治@斯@,榜掠%千馀%,不胜"
父子,文帝,悼惠,→,052_齐悼惠王世家,"景立，至建始%三年%，%十五岁%，卒。  ### @济北@国  [36] =济北=王@兴居@，=齐=@悼惠@$王$子，以东牟$侯$助大臣诛诸吕，功少。及@文帝@从=代=来，@兴居@曰：""请与$太仆$婴"
父子,甘茂,而以,→,071_樗里子甘茂列传,为严君。  ## 拜相用事历&三王&  [3] @秦惠王@卒，太子@武王@立，逐@张仪@、=魏=章，@而以@@樗里子@、@甘茂@为左右$丞相$。=秦=使@甘茂@攻=韩=，拔=宜阳=。使@樗里子@以*车
父子,彭离,分梁为五,→,022_汉兴以来将相名臣年表, |  三  |    |    | |  [r63] 144  |  六  |  @梁孝王@武薨。@分梁为五@国，王〔诸子〕：子买为@梁王@，明为$济川王$，@彭离@为$济东王$，定为$山阳王$，@
父子,幸於,生,→,005_秦本纪,赐尔*石棺*以~华氏~”。死，遂葬於=霍太山=。@蜚廉@复有子曰@季胜@。@季胜@生@孟增@。@孟增@幸於@周成王@，是为$宅皋狼$。@皋狼@生@衡父@，@衡父@生@造父@。  ## @造父@与@非子
父子,宁公,子而立,→,005_秦本纪,二年%卒，葬=西山=。生子%三人%，长男@武公@为太子。@武公弟德公@，同母@鲁姬@子。生@出子@。@宁公@卒，$大庶长$@弗忌@、@威垒@、@三父@废太@子而立@@出子@为君。  [8.4] @出子
父子,女华,女脩,→,005_秦本纪,〕  ## 秦之先祖  [1] &秦&之先，@帝颛顼@之苗裔孙曰@女脩@。@女脩@织，〚玄鸟〛陨卵，@女脩@吞之，生子@大业@。@大业@取@少典@之子，曰@女华@。@女华@生@大费@，与@禹@平水土。
父子,纣,蜚廉,→,005_秦本纪,  [3] 其玄孙曰@中潏@，在~西戎~，保=西垂=。生@蜚廉@。@蜚廉@生@恶来@。@恶来@有力，@蜚廉@善走，父子俱以材力事&殷&@纣@。@周武王@之伐@纣@，并杀@恶来@。是时@蜚廉@为@纣@石
父子,三父,等复共令人贼杀,→,005_秦本纪,长$@弗忌@、@威垒@、@三父@废太@子而立@@出子@为君。  [8.4] @出子@%六年%，@三父@等复共令人贼杀@出子@。@出子@生%五岁%立，立%六年%卒。@三父@等乃复立故太子@武公@。  #
父子,晋公子重耳,晋惠公,→,005_秦本纪,%後，&秦&必留我，而&晋&轻，亦更立他子。”子@圉@乃亡归&晋&。  [26.1] %二十三年%，@晋惠公@卒，子@圉@立为君。&秦&怨@圉@亡去，乃迎@晋公子重耳@於&楚&，而妻以故子@圉@妻。@
父子,子,缪公,→,005_秦本纪,，对曰：“径数国%千里%而袭人，希有得利者。且人卖&郑&，庸知我国人不有以我情告&郑&者乎？不可。”@缪公@曰：“子不知也，吾已决矣。”遂发兵，使@百里傒@子@孟明视@，@蹇叔@子@西乞术@及@白乙丙
父子,大业,大费,→,005_秦本纪,] &秦&之先，@帝颛顼@之苗裔孙曰@女脩@。@女脩@织，〚玄鸟〛陨卵，@女脩@吞之，生子@大业@。@大业@取@少典@之子，曰@女华@。@女华@生@大费@，与@禹@平水土。已成，@帝@锡*玄圭*。@禹
父子,蜚廉,恶来,→,005_秦本纪,殷&国，故&嬴姓&多显，遂为诸侯。  [3] 其玄孙曰@中潏@，在~西戎~，保=西垂=。生@蜚廉@。@蜚廉@生@恶来@。@恶来@有力，@蜚廉@善走，父子俱以材力事&殷&@纣@。@周武王@之伐@纣@，并
父子,孟增,衡父,→,005_秦本纪,&乱，赐尔*石棺*以~华氏~”。死，遂葬於=霍太山=。@蜚廉@复有子曰@季胜@。@季胜@生@孟增@。@孟增@幸於@周成王@，是为$宅皋狼$。@皋狼@生@衡父@，@衡父@生@造父@。  ## @造父@与
父子,衡父,造父,→,005_秦本纪,@复有子曰@季胜@。@季胜@生@孟增@。@孟增@幸於@周成王@，是为$宅皋狼$。@皋狼@生@衡父@，@衡父@生@造父@。  ## @造父@与@非子@  [3.1] @造父@以善御幸於@周缪王@，得〘骥
父子,造父,季胜,→,005_秦本纪,归。@徐偃王@作乱，@造父@为@缪王@御，长驱归&周&，%一日%%千里%以救乱。@缪王@以=赵城=封@造父@，@造父@族由此为&赵氏&。自@蜚廉@生@季胜@已下%五世%至@造父@，别居=赵=。@赵衰@
父子,秦侯,公伯,→,005_秦本纪,申侯@之女子为@骆@適者，以和~西戎~。  ## @秦侯@至@秦仲@  [4] @秦嬴@生@秦侯@。@秦侯@立%十年%，卒。生@公伯@。  [4.1] @公伯@立%三年%，卒。生@秦仲@。  [5] 
父子,公伯,秦仲,→,005_秦本纪,秦侯@至@秦仲@  [4] @秦嬴@生@秦侯@。@秦侯@立%十年%，卒。生@公伯@。  [4.1] @公伯@立%三年%，卒。生@秦仲@。  [5] @秦仲@立%三年%，@周厉王@无道，诸侯或叛之。~西
父子,武公,出子,→,005_秦本纪, %十二年%，伐=荡氏=，取之。@宁公@生%十岁%立，立%十二年%卒，葬=西山=。生子%三人%，长男@武公@为太子。@武公弟德公@，同母@鲁姬@子。生@出子@。@宁公@卒，$大庶长$@弗忌@、@威垒@
父子,父曰,：以至,→,001_五帝本纪,华@。@重华@父曰@瞽叟@，@瞽叟@父曰@桥牛@，@桥牛@父曰@句望@，@句望@父曰@敬康@，@敬康@父曰@穷蝉@，@穷蝉@父曰@帝颛顼@，@颛顼@父曰@昌意@：以至@舜@%七世%矣。自从@穷蝉@以至
父子,父,象,→,001_五帝本纪,@颛顼@父曰@昌意@：以至@舜@%七世%矣。自从@穷蝉@以至@帝舜@，皆微为庶人。  [18] @舜@父@瞽叟@盲，而@舜@母死，@瞽叟@更娶妻而生@象@，@象@傲。@瞽叟@爱後妻子，常欲杀@舜@，@
父子,蚩尤,孝武,→,020_建元以来侯者年表,  |    | |  [r77] 富民。  |  田@千秋@，家在=长陵=。以故=高庙=寝郎上书谏@孝武@曰：「子弄父兵，罪当笞。父子之怒，自古有之。@蚩尤@畔父，@黄帝@涉江」。上书至意，拜为$大
父子,"告$永巷长$曰：""",意,→,105_扁鹊仓公列传,"无出血，病旋已。病得之饮酒大醉。  ### [3.12] @济北王@女子竖呕血死案  @济北王@召臣@意@诊脉诸女子侍者，至女子@竖@，@竖@无病。臣@意@告$永巷长$曰：""@竖@伤脾，不可劳，法当春"
父子,与,田假,→,016_秦楚之际月表, 十二。救=东阿=，破秦军，乘胜至=定陶=，@项梁@有骄色。  |  八  |  楚救荣，得解归，逐@田假@，立儋子市为@齐王@，始。  |  十二。@沛公@与@项羽@西略地，斩$三川守$@李由@于=
父子,婴,项梁,→,130_太史公自序,虏。作始皇〔本纪〕第六。  ## [26] @项羽@〔本纪〕 [26.1] &秦&失其道，豪桀并扰；@项梁@业之，@子羽@接之；杀@庆@救&赵&，诸侯立之；诛@婴@背&怀&，〔天下〕非之。作@项羽@〔
父子,无泽,喜,→,130_太史公自序,@於&殷&。&汉&之伐&楚&，@卬@归&汉&，以其地为=河内郡=。  [1.5] @昌@生@无泽@，@无泽@为&汉&$巿长$。@无泽@生@喜@，@喜@为$五大夫$，卒，皆葬=高门=。@喜@生@谈@，@
父子,喜,谈,→,130_太史公自序,，以其地为=河内郡=。  [1.5] @昌@生@无泽@，@无泽@为&汉&$巿长$。@无泽@生@喜@，@喜@为$五大夫$，卒，皆葬=高门=。@喜@生@谈@，@谈@为$太史公$。  ## [2] @司马@
父子,佗,$太子$,→,036_陈杞世家,@厉公篡位与陈敬仲奔齐@  [8.8] %三十八年%%正月%%甲戌%%己丑%，@桓公鲍@卒。@桓公弟@佗@，其母~蔡女~，故~蔡人~为@佗@杀@五父@及@桓公@$太子$@免@而立@佗@，是为@厉公@。
父子,御寇,宣公,→,036_陈杞世家,，@楚武王@卒，&楚&始彊。%十七年%，@周惠王@娶~陈女~为后。  [12.12] %二十一年%，@宣公@後有嬖姬生子@款@，欲立之，乃杀其$太子$@御寇@。@御寇@素爱@厉公@子@完@，@完@惧祸
父子,齐桓公,厉公,→,036_陈杞世家,"12.12] %二十一年%，@宣公@後有嬖姬生子@款@，欲立之，乃杀其$太子$@御寇@。@御寇@素爱@厉公@子@完@，@完@惧祸及己，乃奔&齐&。@齐桓公@欲使@陈完@为$卿$，@完@曰：""羁旅之臣，"
父子,招,招,→,036_陈杞世家,妾生@留@，少妾生@胜@。@留@有宠@哀公@，@哀公@属之其弟$司徒$@招@。@哀公@病，%三月%，@招@杀$悼太子$，立@留@为$太子$。@哀公@怒，欲诛@招@，@招@发兵围守@哀公@，@哀公@自经
父子,晋平公,招,→,036_陈杞世家,"&楚&围&陈&。%十一月%，灭&陈&。使@弃疾@为$陈公$。  ## 陈亡国之论  [21.21] @招@之杀$悼太子$也，$太子$之子名@吴@，出奔&晋&。@晋平公@问$太史$@赵@曰：""&陈&遂亡"
父子,白公,杀$令尹$,→,036_陈杞世家,如&吴&。&楚&伐&陈&。%二十一年%，&齐&@田常@弑其君@简公@。%二十三年%，&楚&之@白公胜@杀$令尹$@子西@、@子綦@，袭@惠王@。@叶公@攻败@白公@，@白公@自杀。  ## @楚惠王灭
父子,哀公,偃,→,036_陈杞世家,弑其君@郏敖@自立，为@灵王@。  ## @哀公@内乱与楚灭陈  [20.20] %三十四年%，初，@哀公@娶&郑&，长姬生$悼太子$@师@，少姬生@偃@。二嬖妾，长妾生@留@，少妾生@胜@。@留@有
父子,留,胜,→,036_陈杞世家,0.20] %三十四年%，初，@哀公@娶&郑&，长姬生$悼太子$@师@，少姬生@偃@。二嬖妾，长妾生@留@，少妾生@胜@。@留@有宠@哀公@，@哀公@属之其弟$司徒$@招@。@哀公@病，%三月%，@招
父子,题公,谋娶公,→,036_陈杞世家,，封之於=杞=，以奉&夏&后氏祀。  [28.28] @东楼公@生@西楼公@，@西楼公@生@题公@，@题公@生@谋娶公@。@谋娶公@当@周厉王@时。@谋娶公@生@武公@。@武公@立%四十七年%卒，子@
父子,谋娶公,武公,→,036_陈杞世家,夏&后氏祀。  [28.28] @东楼公@生@西楼公@，@西楼公@生@题公@，@题公@生@谋娶公@。@谋娶公@当@周厉王@时。@谋娶公@生@武公@。@武公@立%四十七年%卒，子@靖公@立。@靖公@%二
父子,为$卿$；,魏焠,→,039_晋世家,作^三军^。@赵衰@举@郤縠@将$中军$，@郤臻@佐之；使@狐偃@将$上军$，@狐毛@佐之，命@赵衰@为$卿$；@栾枝@将$下军$，@先轸@佐之；@荀林父@御戎，@魏焠@为右：往伐。%冬%十%二月%，
父子,齐姜,"谓太子曰：""君梦见",→,039_晋世家,"太子，而欲立其子。   ## @骊姬@设毒害@太子申生@自杀  [27.30] %二十一年%，@骊姬@谓太子曰：""君梦见@齐姜@，太子速祭=曲沃=，归釐於君。""太子於是祭其母@齐姜@於=曲沃=，上其荐"
父子,重耳,奚齐,→,039_晋世家,"姬@，爱之，竟以乱&晋&。   ## @里克@迎@夷吾@为@惠公@  [33.38] @里克@等已杀@奚齐@、@悼子@，使人迎公子@重耳@於~翟~，欲立之。@重耳@谢曰：""负父之命出奔，父死不得脩人子"
父子,季子,重耳,→,039_晋世家,"""厚送@重耳@。   ## 至秦娶秦女归晋  [52.59] @重耳@至&秦&，@缪公@以宗女五人妻@重耳@，故@子圉@妻与往。@重耳@不欲受，$司空$@季子@曰：""其国且伐，况其故妻乎！且受以结&秦"
父子,先轸,"曰：""",→,039_晋世家,"楚王@怒，少与之兵。於是@子玉@使@宛春@告&晋&：""请复@卫侯@而封&曹&，臣亦释&宋&。""@咎犯@曰：""@子玉@无礼矣，君取一，臣取二，勿许。""@先轸@曰：""定人之谓礼。&楚&一言定三国，子一言而"
父子,阳处父,贾季,→,039_晋世家,"出在小国，僻也。母淫子僻，无威；&陈&小而远，无援：将何可乎！""使@士@会@@如&秦&迎公子@雍@。@贾季@亦使人召公子乐@於&陈&。@赵盾@废@贾季@，以其杀@阳处父@。%十月%，葬@襄公@。%十一"
父子,顷公,"曰：""必得",→,039_晋世家,"其右易位，下取饮，以得脱去。&齐&师败走，&晋&追北至&齐&。@顷公@献*宝器*以求平，不听。@郤克@曰：""必得@萧桐侄子@为质。""&齐&使曰：""@萧桐侄子@，@顷公@母；@顷公@母犹@晋君@母，柰何"
父子,景公,景公,→,039_晋世家,@武@为&赵&後，复与之邑。   ## @景公@卒@厉公@立  [95.110] %十九年%%夏%，@景公@病，立其太子@寿曼@为君，是为@厉公@。後%月馀%，@景公@卒。   ## @厉公@伐秦  
父子,厉公,栾书,→,039_晋世家,"成。""@厉公@告@栾书@。@栾书@曰：""其殆有矣！原公试使人之&周&微考之。""果使@郤至@於&周&。@栾书@又使公子@周@见@郤至@，@郤至@不知见卖也。@厉公@验之，信然，遂怨@郤至@，欲杀之。%八"
父子,敬王,周景王,→,039_晋世家,。子@顷公@@去疾@立。   ## @顷公@时$六卿$专权  [112.128] @顷公@%六年%，@周景王@崩，@王子@争立。&晋&六$卿$@平王@室乱，立@敬王@。  [113.129] %九年%
父子,骊姬,奚齐,→,039_晋世家,"，@士蔿@曰：""且待其乱。""   ## @骊姬@生@奚齐@与太子外居  [22.25] %十二年%，@骊姬@生@奚齐@。@献公@有意废太子，乃曰：""=曲沃=吾先祖^宗庙^所在，而=蒲=边&秦&，=屈="
父子,重耳,、,→,039_晋世家,，曰@齐姜@，早死。@申生@同母女弟为@秦穆公@@夫人@。@重耳@母，~翟~之狐氏女也。@夷吾@母，@重耳@母女弟也。@献公@子八人，而太子@申生@、@重耳@、@夷吾@皆有贤行。及得@骊姬@，乃远此三
父子,叔刘,盾,→,039_晋世家,## @重耳@居狄与妻别  [45.52] ~狄~伐~咎如~，得二女：以长女妻@重耳@，生@伯鯈@、@叔刘@；以少女妻@赵衰@，生@盾@。居~狄~%五岁%而@晋献公@卒，@里克@已杀@奚齐@、@悼子@
父子,谈,悼公,→,039_晋世家,"公@@周@者，其大父@捷@，@晋襄公@少子也，不得立，号为@桓叔@，@桓叔@最爱。@桓叔@生@惠伯@@谈@，@谈@生@悼公@@周@。@周@之立，年十四矣。@悼公@曰：""大父、父皆不得立而辟难於&周&，"
父子,重耳,毛,→,039_晋世家,0] @子圉@之亡，&秦&怨之，乃求公子@重耳@，欲内之。@子圉@之立，畏&秦&之伐也。乃令国中诸从@重耳@亡者与期，期尽不到者尽灭其家。@狐突@之子@毛@及@偃@从@重耳@在&秦&，弗肯召。@怀公@
父子,郢,申公,→,121_儒林列传,高祖@于=鲁南宫=。@吕太后@时，@申公@游学=长安=，与@刘郢@=同师=。已而@郢@为&楚王&，令@申公@傅其$太子$@戊@。@戊@不好学，疾@申公@。及王@郢@卒，@戊@立为&楚王&，胥靡@申公@
父子,申公,申公,→,121_儒林列传,^@申公@，@绾@为$御史大夫$。@绾@、@臧@请$天子$，欲立^明堂^以朝诸侯，不能就其事，乃言师@申公@。於是$天子$使使*束帛*加*璧**安车**驷马*迎@申公@，弟子%二人%乘*轺传*从。至，
父子,平原君,素与$,→,097_郦生陆贾列传,行不苟合，义不取容。$@辟阳侯@$行不正，得幸$@吕太后@$。时$@辟阳侯@$欲知$@平原君@$，$@平原君@$不肯见。及$@平原君@$母死，@陆生@素与$@平原君@$善，过之。$@平原君@$家贫，未
父子,平原君,令$,→,097_郦生陆贾列传,知$@平原君@$，$@平原君@$不肯见。及$@平原君@$母死，@陆生@素与$@平原君@$善，过之。$@平原君@$家贫，未有以发丧，方假贷服具，@陆生@令$@平原君@$发丧。@陆生@往见$@辟阳侯@$，
父子,吕,、$,→,097_郦生陆贾列传,及其成功出之，乃大惊。  [8.3] $@吕太后@$崩，$大臣$诛诸$@吕@$，$@辟阳侯@$於诸$@吕@$至深，而卒不诛。计画所以全者，皆@陆生@、$@平原君@$之力也。  [8.4] $@孝文帝@
父子,生少子,古公,→,004_周本纪,而营筑城郭室屋，而邑别居之。作^五官有司^。民皆歌乐之，颂其德。  ### @太伯@让位  [5] @古公@有@长子@曰@太伯@，次曰@虞仲@。@太姜@生少子@季历@，@季历@娶@太任@，皆贤妇人，生
父子,率诸侯以相太,成王,→,004_周本纪,，而民和睦，颂声兴。@成王@既伐~东夷~，~息慎~来贺，王赐@荣伯@作*贿息慎之命*。  [23] @成王@将崩，惧太子@钊@之不任，乃命@召公@、@毕公@率诸侯以相太@子而立@之。@成王@既崩，二公
父子,王子克,庄王,→,004_周本纪,王@去归。  [42] %二十三年%，@桓王@崩，子@庄王佗@立。@庄王@%四年%，@周公黑肩@欲杀@庄王@而立@王子克@。@辛伯@告王，王杀@周公@。@王子克@饹&燕&。  [43] %十五年%，@
父子,齐桓公,庄王,→,004_周本纪,杀@庄王@而立@王子克@。@辛伯@告王，王杀@周公@。@王子克@饹&燕&。  [43] %十五年%，@庄王@崩，子@釐王胡齐@立。@釐王@%三年%，@齐桓公@始霸。  [44] %五年%，@釐王@崩，
父子,庄王,釐王,→,004_周本纪,%十五年%，@庄王@崩，子@釐王胡齐@立。@釐王@%三年%，@齐桓公@始霸。  [44] %五年%，@釐王@崩，子@惠王阆@立。@惠王@%二年%。初，@庄王@嬖姬@姚@，生子@穨@，@穨@有宠。及@惠
父子,襄王,惠后,→,004_周本纪,诛，杀@谭伯@。@富辰@曰：“吾数谏不从。如是不出，王以我为懟乎？”乃以其属死之。  [47] 初，@惠后@欲立@王子带@，故以党开翟人，翟人遂入&周&。@襄王@出饹&郑&，&郑&居王于=氾=。@子带
父子,谓&楚&王曰：“不如以地资,武公,→,004_周本纪,东西&周&分治。@王赧@徙都西&周&。  ### =西周=与&东周&的〔纵横〕  [66] 西&周&@武公@之共太子死，有五庶子，毋適立。@司马翦@谓&楚&王曰：“不如以地资@公子咎@，为请太子。”@
父子,生少子,昌,→,004_周本纪,乐之，颂其德。  ### @太伯@让位  [5] @古公@有@长子@曰@太伯@，次曰@虞仲@。@太姜@生少子@季历@，@季历@娶@太任@，皆贤妇人，生@昌@，有圣瑞。  - [5.1] @古公@曰：“
父子,"：""为我结穇！""","曰：""独柰何廷辱",→,102_张释之冯唐列传,"善为^黄老^言，处士也。尝召居廷中，^三公九卿^尽会立，@王生@!老人!，曰""吾穇解""，顾谓@张廷尉@：""为我结穇！""@释之@跪而结之。既已，人或谓@王生@曰：""独柰何廷辱@张廷尉@，使跪结穇？""@王"
父子,弑王僚,王僚,→,066_伍子胥列传,] =楚=诛其大臣@郤宛@、@伯州犁@，@伯州犁@之孙@伯嚭@亡奔=吴=，=吴=亦以嚭为$大夫$。前@王僚@所遣二公子将@兵伐=楚=者，道绝不得归。後闻@阖庐@弑王僚@自立，遂以其兵降=楚=，=楚=封
父子,巫贤,河亶甲,→,003_殷本纪,@书阙不具。@帝外壬@崩，弟@河亶甲@立，是为@帝河亶甲@。@河亶甲@时，&殷&复衰。  [17] @河亶甲@崩，子@帝祖乙@立。@帝祖乙@立，&殷&复兴。@巫贤@任职。  [18] @祖乙@崩，子@
父子,帝中壬,太甲,→,003_殷本纪,@之弟@外丙@，是为@帝外丙@。@帝外丙@即位%三年%，崩，立@外丙@之弟@中壬@，是为@帝中壬@。@帝中壬@即位%四年%，崩，@伊尹@乃立@太丁@之子@太甲@。@太甲@，@成汤@適长孙也，是为@帝太
父子,帝沃甲,祖丁,→,003_殷本纪,&殷&复兴。@巫贤@任职。  [18] @祖乙@崩，子@帝祖辛@立。@帝祖辛@崩，弟@沃甲@立，是为@帝沃甲@。@帝沃甲@崩，立@沃甲@兄@祖辛@之子@祖丁@，是为@帝祖丁@。@帝祖丁@崩，立弟@沃甲
父子,帝祖丁,南庚,→,003_殷本纪,立。@帝祖辛@崩，弟@沃甲@立，是为@帝沃甲@。@帝沃甲@崩，立@沃甲@兄@祖辛@之子@祖丁@，是为@帝祖丁@。@帝祖丁@崩，立弟@沃甲@之子@南庚@，是为@帝南庚@。@帝南庚@崩，立@帝祖丁@之子@
父子,帝南庚,阳甲,→,003_殷本纪,@崩，立@沃甲@兄@祖辛@之子@祖丁@，是为@帝祖丁@。@帝祖丁@崩，立弟@沃甲@之子@南庚@，是为@帝南庚@。@帝南庚@崩，立@帝祖丁@之子@阳甲@，是为@帝阳甲@。@帝阳甲@之时，&殷&衰。  [
父子,景驹,雍齿,→,008_高祖本纪,公$引兵攻=丰=，不能取。  [12.12] $沛公$病，还之=沛=。  [12.13] $沛公$怨@雍齿@与=丰=子弟叛之，闻=东阳=$甯君$、@秦嘉@立@景驹@为$假王$，在=留=，乃往从之，欲请
父子,婴,孝文后,→,107_魏其武安侯列传,列传  ## [1] $魏其侯$@窦婴@  ### [1.1] 出身与初仕  $魏其侯$@窦婴@者，@孝文后@从兄子也。父世=观津=人。喜宾客。@孝文@时，@婴@为$吴相$，病免。@孝景@初即位，为$
父子,$、$,$封,→,038_宋微子世家,乃释@微子@，复其位如故。   ## [4] @武王@封@武庚@与访@箕子@  [4.6] $@武王@$封@纣@子@武庚禄父@以续&殷&祀，使$@管叔@$、$@蔡叔@$傅相之。  [5.7] $@武王
父子,湣公共,宋公稽,→,038_宋微子世家,[12.23] @微子开@卒，立其弟@衍@，是为$@微仲@$。$@微仲@$卒，子$@宋公稽@$立。$@宋公稽@$卒，子$@丁公申@$立。$@丁公申@$卒，子$@湣公共@$立。$@湣公共@$卒，弟$@炀
父子,$生女为&鲁&$,戴公,→,038_宋微子世家,二十九年%，&周&$@幽王@$为~犬戎~所杀，&秦&始列为诸侯。  [15.26] %三十四年%，$@戴公@$卒，子$@武公司空@$立。$@武公@$生女为&鲁&$@惠公@$$夫人$，生&鲁&$@桓公@
父子,与夷,宣公,→,038_宋微子世家,"为$@穆公@$。  [17.28] $@穆公@$%九年%，病，召$大司马$@孔父@谓曰：""先$君$$@宣公@$舍$太子$@与夷@而立我，我不敢忘。我死，必立@与夷@也。""@孔父@曰：""群$臣$皆原立$"
父子,华元,文公,→,038_宋微子世家,"粮。""以信故，遂罢兵去。   ## [22] @共公@至@平公@  [35.47] %二十二年%，$@文公@$卒，子$@共公瑕@$立。始^厚葬^。〔君子〕讥@华元@不臣矣。  [36.48] $@共公"
父子,比干,太史公,→,038_宋微子世家,"宋&，杀$@王偃@$，遂灭&宋&而三分其地。   ## [29] @太史公@论宋  [44.56] @太史公@曰：@孔子@称""@微子@去之，@箕子@为之$奴$，@比干@谏而死，&殷&有三仁焉""。^春秋"
父子,司马欣,项梁,→,006_秦始皇本纪,下〕，使@章邯@将，击破@周章@军而走，遂杀@章@=曹阳=。  [100.5] @二世@益遣$长史$@司马欣@、@董翳@佐@章邯@击盗，杀@陈胜@=城父=，破@项梁@=定陶=，灭@魏咎@=临济=。  
父子,夷公,惠公,→,006_秦始皇本纪,南。生@毕公@。  [154] @毕公@享国%三十六年%。葬=车里=北。生@夷公@。  [155] @夷公@不享国。死，葬=左宫=。生@惠公@。  [156] @惠公@享国%十年%。葬=车里=。生@悼
父子,惠公,悼公,→,006_秦始皇本纪,=车里=北。生@夷公@。  [155] @夷公@不享国。死，葬=左宫=。生@惠公@。  [156] @惠公@享国%十年%。葬=车里=。生@悼公@。  [157] @悼公@享国%十五年%。葬@僖公@西。
父子,怀公,灵公,→,006_秦始皇本纪,159] @躁公@享国%十四年%。居=受寝=。葬@悼公@南。其%元年%，!彗星!见。  [160] @怀公@从&晋&来。享国%四年%。葬=栎圉氏=。生@灵公@。诸臣围@怀公@，@怀公@自杀。  [16
父子,惠公,出公,→,006_秦始皇本纪,@从&晋&来。享国%十五年%。葬@僖公@西。生@惠公@。其%七年%。百姓初带*剑*。  [163] @惠公@享国%十三年%。葬=陵圉=。生@出公@。  [164] @出公@享国%二年%。@出公@自杀，
父子,孝公,惠文王,→,006_秦始皇本纪,@自杀，葬=雍=。  [165] @献公@享国%二十三年%。葬=嚣圉=。生@孝公@。  [166] @孝公@享国%二十四年%。葬=弟圉=。生@惠文王@。其%十三年%，始都=咸阳=。  [167] @惠
父子,惠文王,悼武王,→,006_秦始皇本纪,] @孝公@享国%二十四年%。葬=弟圉=。生@惠文王@。其%十三年%，始都=咸阳=。  [167] @惠文王@享国%二十七年%。葬=公陵=。生@悼武王@。  [168] @悼武王@享国%四年%，葬=永
父子,孝文王,庄襄王,→,006_秦始皇本纪,，葬=永陵=。  [169] @昭襄王@享国%五十六年%。葬=茝阳=。生@孝文王@。  [170] @孝文王@享国%一年%。葬=寿陵=。生@庄襄王@。  [171] @庄襄王@享国%三年%。葬=茝阳=
父子,庄襄王,始皇帝,→,006_秦始皇本纪,=。生@孝文王@。  [170] @孝文王@享国%一年%。葬=寿陵=。生@庄襄王@。  [171] @庄襄王@享国%三年%。葬=茝阳=。生@始皇帝@。@吕不韦@$相$。  ## =秦国=大事记与^诏书
父子,立为,鲍叔,→,062_管晏列传,。少时常与@鲍叔牙@游，@鲍叔@知其贤。@管仲@贫困，常欺@鲍叔@，@鲍叔@终善遇之，不以为言。已而@鲍叔@事齐@公子小白@，@管仲@事@公子纠@。及@小白@立为@桓公@，@公子纠@死，@管仲@囚焉。
父子,"有大罪,&秦&王令",高,→,088_蒙恬列传,"数人%,皆生隐宫,其母被^刑^僇,世世卑贱。&秦&王闻@高@彊力,通於狱^法^,举以为$中车府令$。@高@既私事$公子@胡亥@$,喻之决狱。@高@有大罪,&秦&王令@蒙毅@^法^治之。@毅@不敢阿^法"
父子,高,李斯,→,088_蒙恬列传,",使@蒙毅@还祷=山川=,未反。  [4.3] $@始皇@$至=沙丘=崩,祕之,群臣莫知。是时$丞相@李斯@$、$公子@胡亥@$、$中车府令@赵高@$常从。@高@雅得幸於$@胡亥@$,欲立之,又怨@蒙"
父子,及中兄,无采,→,118_淮南衡山列传,刺伤王后兄。王后怨怒，数毁恶太子於王。太子女弟@无采@，嫁弃归，与奴奸，又与客奸。太子数让@无采@，@无采@怒，不与太子通。王后闻之，即善遇@无采@。@无采@及中兄@孝@少失母，附王后，王后以计爱之，
父子,陈厉公,陈厉公他,→,046_田敬仲完世家," ## 标题 @田敬仲完@〔世家〕  ## [1] @陈完出生与预言@  [1.1] @陈完@者，$@陈厉公他@$之子也。@完@生，$&周&太史$过&陈&，$@陈厉公@$使卜@完@，卦得^观之否^："""
父子,厉公,陈文公,→,046_田敬仲完世家,"物莫能两大，&陈&衰，此其昌乎？""  ## [2] @陈厉公之乱@  [2.1] $@厉公@$者，$@陈文公@$少子也，其母&蔡&女。$@文公@$卒，$@厉公@$兄@鲍@立，是为$@桓公@$。$@桓公"
父子,厉公,桓公鲍,→,046_田敬仲完世家,公@$兄@鲍@立，是为$@桓公@$。$@桓公@$与@他@异母。及$@桓公@$病，&蔡&人为@他@杀$@桓公鲍@$及$太子@免@$而立@他@，为$@厉公@$。$@厉公@$既立，娶&蔡&女。&蔡&女淫於&
父子,高昭子,$之众追$,→,046_田敬仲完世家,牧@与$大夫$以兵入公室，攻$@高昭子@$。$@昭子@$闻之，与$@国惠子@$救公。公师败。$@田乞@$之众追$@国惠子@$，$@惠子@$奔&莒&，遂返杀$@高昭子@$。@晏圉@奔&鲁&。  [6.2
父子,谥为$,田常,→,046_田敬仲完世家,宫，後宫以百数，而使宾客@舍人@出入後宫者不禁。及$@田常@$卒，有%七十馀%男。  [8.4] $@田常@$卒，子$@襄子盘@$代立，相&齐&。@常@谥为$@成子@$。  ## [9] @田氏@势强
父子,自为太子时尝不快於,燕昭王,→,080_乐毅列传,4] @乐毅@留徇=齐=%五岁%，下=齐=%七十馀城%，皆为郡县以属=燕=，唯独莒、=即墨=未服。会@燕昭王@死，子立为@燕惠王@。@惠王@自为太子时尝不快於@乐毅@，及即位，=齐=之@田单@闻之，乃
父子,刘仲,兄,→,106_吴王濞列传,@列传  ## [1] @吴王濞@早期  ### [1.1] 出身与封王  @吴王@@濞@者，@高帝@兄@刘仲@之子也。@高帝@已定〔天下〕%七年%，立@刘仲@为$代王$。而~匈奴~攻=代=，@刘仲@
父子,杀,殇公,→,014_十二诸侯年表, |  二十一  |  八  |  六  |  三十一  |  @华督@见@孔父@妻好，悦之。@华督@杀@孔父@，及杀@殇公@。@宋公@冯$元年$@华督@为相。  |  九  |  三十五  |  五
父子,小子,齐侯,→,014_十二诸侯年表,侯@$元年$  |    | |  [r133] 709  |    |  十一  |  三翚迎女，@齐侯@送女，〔君子〕讥之。  |  二十二  |  晋@小子@$元年$  |  七  |  三十二
父子,晋侯,武公,→,014_十二诸侯年表,136] 706  |    |  十四  |  六  |  二十五~山戎~伐我。  |  =曲沃=@武公@杀@小子@。周伐=曲沃=，立晋@哀侯@弟湣为@晋侯@。@晋侯@湣$元年$  |  十  | 
父子,文子,昭$元年$,→,014_十二诸侯年表,十四率诸侯$大夫$伐秦，败=棫林=。  |  十八晋诸侯$大夫$伐我，败=棫林=。  |  楚@康王@昭$元年$@共王@太子出奔吴。  |  十七  |  十八孙@文子@攻公，公奔齐，立@定公@弟狄。
父子,太子建,东国,→,014_十二诸侯年表,诸公子。楚@太子建@来奔，见乱，之郑。  |  十三  |  十二  |  九@平侯@薨。@灵侯@孙@东国@杀@平侯@子而自立。  |  二  |  八楚@太子建@从宋来奔。  |  二  |  五@
父子,中行,景公,→,014_十二诸侯年表,二  |  五  | |  [r352] 490  |    |  三十  |  五  |  五十八@景公@薨。立嬖姬子为太子。  |  二十二@赵鞅@败范@中行@，@中行@奔齐。伐卫。  |  秦@
父子,白公,胜杀$令尹$,→,014_十二诸侯年表, |  四十一  |  十六@孔子@卒。  |  二  |  三十三  |  十二  |  十@白公@胜杀$令尹$@子西@，攻@惠王@。@叶公攻@白公@，@白公@自杀。@惠王@复国。  |  三十八 
父子,与~狄~后、,後母曰,→,110_匈奴列传,@襄王@欲伐&郑&，故娶~戎狄~女为后，与~戎狄~兵共伐&郑&。已而黜~狄~后，~狄~后怨，而@襄王@後母曰@惠后@，有子@子带@，欲立之，於是@惠后@与~狄~后、@子带@为内应，开~戎狄~，~戎狄~
父子,於单,军臣,→,110_匈奴列传,其後%冬%，~匈奴~@军臣@$单于$死。@军臣@$单于$弟$左谷蠡王$@伊稚斜@自立为$单于$，攻破@军臣@$单于$太子@於单@。@於单@亡降&汉&，&汉&封@於单@为$涉安侯$，%数月%而死。  #
父子,汤,谒居,→,122_酷吏列传,"，贾人辄先知之，益居其物，是类有以吾谋告之者。""@汤@不谢。@汤@又详惊曰：""固宜有。""@减宣@亦奏@谒居@等事。$天子$果以@汤@怀诈面欺，使使%八辈%簿责@汤@。@汤@具自道无此，不服。於是上使@"
父子,纵,可,→,122_酷吏列传,"上怒曰：""@纵@以我为不复行此道乎？""嗛之。至冬，@杨可@方受^告缗^，@纵@以为此乱民，部吏捕其为@可@使者。$天子$闻，使@杜式@治，以为^废格沮事^，弃@纵@市。後%一岁%，@张汤@亦死。  #"
父子,乃上书说,顷襄王,→,078_春申君列传,竟陵，@楚顷襄王@东徙治於=陈=县。@黄歇@见@楚怀王@之为=秦=所诱而入朝，遂见欺，留死於=秦=。@顷襄王@，其子也，=秦=轻之，恐壹举兵而灭=楚=。@歇@乃上书说@秦昭王@曰：  [2] 〔天下〕
父子,成王,生,→,043_赵世家,&秦&。@恶来@弟曰@季胜@，其後为&赵&。  [1.2] @季胜@生@孟增@。@孟增@幸於&周&$@成王@$，是为$宅=皋狼=$。=皋狼=生@衡父@，@衡父@生@造父@。@造父@幸於&周&$@缪王@
父子,宣王,宣王,→,043_赵世家,=赵城=，由此为@赵@氏。  [1.3] 自@造父@已下%六世%至@奄父@，曰$@公仲@$，&周&$@宣王@$时伐~戎~，为御。及=千亩=战，@奄父@脱$@宣王@$。@奄父@生@叔带@。@叔带@之时，
父子,荀寅,吉射,→,043_赵世家,安于@知之。%十月%，@范@、@中行@氏伐$@赵鞅@$，@鞅@奔=晋阳=，&晋&人围之。@范吉射@、@荀寅@仇人@魏襄@等谋逐@荀寅@，以@梁婴父@代之；逐@吉射@，以@范皋绎@代之。@荀栎@言於$@
父子,代安阳君,田不礼,→,043_赵世家,=灵寿=，=北地=方从，&代&道大通。还归，行赏，【大赦】，置*酒*酺%五日%，封$长子@章@$为$@代安阳君@$。@章@素侈，心不服其弟所立。$@主父@$又使@田不礼@相@章@也。  ## [26]
父子,重耳,晋献公,→,043_赵世家,@，当$@鲁闵公@$之%元年%也。@共孟@生@赵衰@，字$@子馀@$。  [2.3] @赵衰@卜事$@晋献公@$及诸公子，莫吉；卜事$@公子重耳@$，吉，即事$@重耳@$。$@重耳@$以@骊姬@之乱亡
父子,襄公,晋襄公,→,043_赵世家,。$@晋襄公@$之%六年%，而@赵衰@卒，谥为$@成季@$。@赵盾@代$@成季@$任国政%二年%而$@晋襄公@$卒，$太子@夷皋@$年少。@盾@为国多难，欲立$@襄公@$弟@雍@。@雍@时在&秦&，使
父子,$乃与,"$问：""",→,043_赵世家,"于$@成公@$，世有立功，未尝绝祀。今吾君独灭@赵@宗，国人哀之，故见*龟策*。唯君图之。""$@景公@$问：""@赵@尚有後子孙乎？""@韩厥@具以实告。於是$@景公@$乃与@韩厥@谋立@赵@孤兒，召而匿"
父子,文子,韩宣,→,043_赵世家,"而@赵武@为$正卿$。%十三年%，&吴&@延陵季子@使於&晋&，曰：""&晋&国之政卒归於@赵武@子、@韩宣@子、@魏献@子之後矣。""@赵武@死，谥为$@文子@$。  [5.3] $@文子@$生@景叔@"
父子,简子,周舍,→,043_赵世家,"=畔""。  ## [10] @赵简子@的贤臣  [10.1] $@赵简子@$有臣曰@周舍@，好直谏。@周舍@死，$@简子@$每听朝，常不悦，$大夫$请罪。$@简子@$曰：""$大夫$无罪。吾闻千*羊*之"
父子,代王,夫人,→,043_赵世家,。$@襄子@$降丧食，使$@楚隆@$问$@吴王@$。  [11.4] $@襄子@$姊前为$@代王@$@夫人@。$@简子@$既葬，未除服，北登=夏屋=，请$@代王@$。使*厨人*操*铜枓*以食$@代王@
父子,魏文侯,烈侯,→,043_赵世家,  [15.2] %九年%，$@烈侯@$卒，弟$@武公@$立。$@武公@$%十三年%卒，@赵@复立$@烈侯@$@太子章@$，是为$@敬侯@$。是岁，$@魏文侯@$卒。  ## [16] @敬侯@与战争
父子,李兑,李兑,→,043_赵世家,"全吾身！且夫贞臣也难至而节见，忠臣也累至而行明。子则有赐而忠我矣，虽然，吾有语在前者也，终不敢失。""@李兑@曰：""诺，子勉之矣！吾见子已今年耳。""涕泣而出。@李兑@数见$公子@成@$，以备@田不礼@之"
父子,李兑,定王,→,043_赵世家,战。$公子@成@$与@李兑@自国至，乃@起@四邑之兵入距难，杀$公子@章@$及@田不礼@，灭其党贼而@定王@室。$公子@成@$为$相$，号$@安平君@$，@李兑@为$司寇$。$公子@章@$之败，往走$
父子,"谋曰：""以",主父,→,043_赵世家,"$，@李兑@为$司寇$。$公子@章@$之败，往走$@主父@$，$@主主@$开之，@成@、@兑@因围$@主父@$宫。$公子@章@$死，$公子@成@$、@李兑@谋曰：""以@章@故围$@主父@$，即解兵，吾"
父子,幸於&周&$,衡父,→,043_赵世家,&所杀，其後为&秦&。@恶来@弟曰@季胜@，其後为&赵&。  [1.2] @季胜@生@孟增@。@孟增@幸於&周&$@成王@$，是为$宅=皋狼=$。=皋狼=生@衡父@，@衡父@生@造父@。@造父@幸於&
父子,鲁闵公,赵衰,→,043_赵世家,奉〚霍太山〛之祀，&晋&复穰。$@晋献公@$赐@赵夙@=耿=。  [2.2] @夙@生@共孟@，当$@鲁闵公@$之%元年%也。@共孟@生@赵衰@，字$@子馀@$。  [2.3] @赵衰@卜事$@晋献公
父子,重耳,赵同,→,043_赵世家,赵衰@从。&翟&伐=廧咎如=，得二女，&翟&以其少女妻$@重耳@$，长女妻@赵衰@而生@盾@。初，$@重耳@$在&晋&时，@赵衰@妻亦生@赵同@、@赵括@、@赵婴齐@。@赵衰@从$@重耳@$出亡，凡%
父子,攻,隐太子友,→,035_管蔡世家,蔡&後。  ## @悼侯@至@昭侯@  [17.17] @平侯@%九年%卒，@灵侯@@般@之孙@东国@攻@平侯@子而自立，是为@悼侯@。@悼侯@@父@曰@隐太子友@。@隐太子友@者，@灵侯@之太子，@
父子,隐太子友,东国,→,035_管蔡世家,&、&蔡&後。  ## @悼侯@至@昭侯@  [17.17] @平侯@%九年%卒，@灵侯@@般@之孙@东国@攻@平侯@子而自立，是为@悼侯@。@悼侯@@父@曰@隐太子友@。@隐太子友@者，@灵侯@之太
父子,立而杀,东国,→,035_管蔡世家,@平侯@子而自立，是为@悼侯@。@悼侯@@父@曰@隐太子友@。@隐太子友@者，@灵侯@之太子，@平侯@立而杀@隐太子@，故@平侯@卒而@隐太子@之子@东国@攻@平侯@子而代立，是为@悼侯@。@悼侯@%
父子,锺离生,金王孙,→,049_外戚世家,[15] @褚先生@曰($修成君$)  [15.1] $褚先生$曰：臣为$郎$时，问习&汉&家故事者@锺离生@。曰：$@王太后@$在民间时所生一女者，父为$@金王孙@$。$@王孙@$已死，$@景帝@$
父子,管夫人,管夫人,→,049_外戚世家,"@豹@已死，$@汉王@$入织室，见$@薄姬@$有色，诏内後宫，%岁馀%不得幸。始$@姬@$少时，与$@管夫人@$、$@赵子兒@$相爱，约曰：""先贵无相忘。""已而$@管夫人@$、$@赵子兒@$先幸$@汉"
父子,魏其侯,窦太后,→,049_外戚世家,封@广国@为$@章武侯@$。$@长君@$前死，封其子@彭祖@为$@南皮侯@$。&吴&、&楚&反时，$@窦太后@$从昆弟子@窦婴@，任侠自喜，将兵，以军功为$@魏其侯@$。~窦氏~凡%三人%为侯。  [
父子,$为$,景帝,→,049_外戚世家,$太子$，封$皇后$兄@信@为$@盖侯@$。  ## [10] @景帝@〔诸子〕  [10.1] $@景帝@$崩，$太子$袭号为$皇帝$。尊$皇太后$母$@臧兒@$为$@平原君@$。封@田蚡@为$@武
父子,平阳侯,卫皇后,→,049_外戚世家,崩，合葬=阳陵=。$@王太后@$家凡%三人%为侯。  ## [11] @卫皇后@  [11.1] $@卫皇后@$字$@子夫@$，生微矣。盖其家号曰~卫氏~，出$@平阳侯@$邑。$@子夫@$为$@平阳主
父子,平阳主,主,→,049_外戚世家,"日，$@武帝@$起更衣，$@子夫@$侍尚衣轩中，得幸。上还坐，驩甚。赐$@平阳主@$*金*%千斤%。@主@因奏$@子夫@$奉送入宫。$@子夫@$上*车*，$@平阳主@$拊其背曰：""行矣，彊饭，勉之！即"
父子,安国君,安国君,→,085_吕不韦列传," @子楚@质于赵  [2.1] &秦&$@昭王@$%四十年%,$太子$死。其%四十二年%,以其次子$@安国君@$为$太子$。$@安国君@$有子%二十馀人%。$@安国君@$有所甚爱姬,立以为$正夫人$,"
父子,子楚,华阳夫人,→,085_吕不韦列传,"$@安国君@$有子%二十馀人%。$@安国君@$有所甚爱姬,立以为$正夫人$,号曰$@华阳夫人@$。$@华阳夫人@$无子。$@安国君@$中男名$@子楚@$,$@子楚@$母曰@夏姬@,毋爱。$@子楚@$为"
父子,"$,$",安国君,→,085_吕不韦列传,"待子门而大。""$@子楚@$心知所谓,乃引与坐,深语。  [3.2] @吕不韦@曰:""&秦&王老矣,$@安国君@$得为$太子$。窃闻$@安国君@$爱幸$@华阳夫人@$,$@华阳夫人@$无子,能立適嗣者独"
父子,不韦,吕不韦,→,085_吕不韦列传,"立为王,则子毋几得与@长子@及〔诸子〕旦暮在前者争为$太子$矣。""$@子楚@$曰:""然。为之柰何?""@吕不韦@曰:""子贫,客於此,非有以奉献於亲及结宾客也。@不韦@虽贫,请以*千金*为@子西@游,事$"
父子,夫人,"$为$王后$,$",→,085_吕不韦列传,"子竟得活。  [6.2] &秦&$@昭王@$%五十六年%,薨,$太子@安国君@$立为王,$@华阳夫人@$为$王后$,$@子楚@$为$太子$。&赵&亦奉$@子楚@$@夫人@及子$@政@$归&秦&。  #"
父子,庄襄王,孝文王,→,085_吕不韦列传,"&秦&。  ## [7] @庄襄王@立,@吕不韦@为相  [7.1] &秦&王立%一年%,薨,谥为$@孝文王@$。$太子@子楚@$代立,是为$@庄襄王@$。$@庄襄王@$所母$@华阳@$后为$@华阳太"
父子,子晳,公子围,→,040_楚世家,，是为@郏敖@。  ## @公子围@弑@郏敖@  [34.37] @康王@宠弟@公子围@、@子比@、@子晳@、@弃疾@。@郏敖@%三年%，以其季@父@康王弟@公子围@@为$令尹$，主兵事。%四年%，@
父子,生,鬻熊,→,040_楚世家,在~蛮夷~，弗能纪其世。  ## @鬻熊@事@文王@  [1.3] @周文王@之时，@季连@之苗裔曰@鬻熊@。@鬻熊@子事@文王@，蚤卒。其子曰@熊丽@。@熊丽@生@熊狂@，@熊狂@生@熊绎@。  #
父子,穆王,穆王,→,040_楚世家,%丁未%，@成王@自绞杀。@商臣@代立，是为@穆王@。  ## @穆王@灭江灭六  [24.27] @穆王@立，以其太子宫予@潘崇@，使为$太师$，掌国事。@穆王@%三年%，灭&江&。%四年%，灭&六
父子,郏敖,宠弟,→,040_楚世家,@立%十五年%卒，子@员@立，是为@郏敖@。  ## @公子围@弑@郏敖@  [34.37] @康王@宠弟@公子围@、@子比@、@子晳@、@弃疾@。@郏敖@%三年%，以其季@父@康王弟@公子围@@为$
父子,"而代之立！""於是","反曰：""莫如&楚&",→,040_楚世家,"克之，囚@庆封@，灭其族。以封@徇@，曰：""无效&齐&@庆封@弑其君而弱其孤，以盟诸$大夫$！""@封@反曰：""莫如&楚&@共王@庶子@围@弑其君@兄之子@员@而代之立！""於是@灵王@使疾杀之。  [3"
父子,昭王,父,→,040_楚世家,"@昭王@亡也至=云梦=。=云梦=不知其王也，射伤王。王走=郧=。@郧公@之弟@怀@曰：""@平王@杀吾@父@，今我杀其子，不亦可乎？""@郧公@止之，然恐其弑@昭王@，乃与王出奔&随&。@吴王@闻@昭王@"
父子,幽王,考烈王,→,040_楚世家,去。&楚&东徙都=寿春=，命曰=郢=。  ## @幽王@至@哀王@  [95.99] %二十五年%，@考烈王@卒，子@幽王@@悍@立。@李园@杀@春申君@。@幽王@%三年%，&秦&、&魏&伐&楚&。&
父子,称,重黎,→,040_楚世家,  &楚&之先祖出自@帝颛顼@@高阳@。@高阳@者，@黄帝@之孙，@昌意@之子也。@高阳@生@称@，@称@生@卷章@，@卷章@生@重黎@。@重黎@为@帝喾@@高辛@居$火正$，甚有功，能光融〔天下〕，
父子,子事,熊狂,→,040_楚世家,纪其世。  ## @鬻熊@事@文王@  [1.3] @周文王@之时，@季连@之苗裔曰@鬻熊@。@鬻熊@子事@文王@，蚤卒。其子曰@熊丽@。@熊丽@生@熊狂@，@熊狂@生@熊绎@。  ## @熊绎@受封
父子,熊狂,熊绎,→,040_楚世家,王@之时，@季连@之苗裔曰@鬻熊@。@鬻熊@子事@文王@，蚤卒。其子曰@熊丽@。@熊丽@生@熊狂@，@熊狂@生@熊绎@。  ## @熊绎@受封与早期世系  [2.4] @熊绎@当@周成王@之时，举@文
父子,熊,熊胜,→,040_楚世家,@燮@、&齐&@太公@子@吕伋@俱事@成王@。  [2.5] @熊绎@生@熊艾@，@熊艾@生@熊@，@熊@生@熊胜@。@熊胜@以弟@熊杨@为後。@熊杨@生@熊渠@。  ## @熊渠兴兵称王@  [3.
父子,熊胜,熊渠,→,040_楚世家,公@子@吕伋@俱事@成王@。  [2.5] @熊绎@生@熊艾@，@熊艾@生@熊@，@熊@生@熊胜@。@熊胜@以弟@熊杨@为後。@熊杨@生@熊渠@。  ## @熊渠兴兵称王@  [3.6] @熊渠@生子
父子,挚红,熊勇,→,040_楚世家,。  ## @熊渠@后世系  [4.7] 後为@熊毋康@，@毋康@蚤死。@熊渠@卒，子@熊挚红@立。@挚红@卒，其弟弑而代立，曰@熊延@。@熊延@生@熊勇@。  [5.8] @熊勇@%六年%，而&周&
父子,"问曰：""谁为後？""对曰：""寡$大夫$",围,→,040_楚世家,"还。%十二月%%己酉%，@围@入问王疾，绞而弑之，遂杀其子@莫@及平@%夏%。使使赴於&郑&。@伍举@问曰：""谁为後？""对曰：""寡$大夫$@围@。""@伍举@更曰：""@共王@之子@围@为长。""@子比@奔"
父子,"反曰：""莫如&楚&",员,→,040_楚世家,"克之，囚@庆封@，灭其族。以封@徇@，曰：""无效&齐&@庆封@弑其君而弱其孤，以盟诸$大夫$！""@封@反曰：""莫如&楚&@共王@庶子@围@弑其君@兄之子@员@而代之立！""於是@灵王@使疾杀之。  [3"
父子,惠王,胜,→,040_楚世家,@之子@章@立之，是为@惠王@。然後罢兵归，葬@昭王@。  ## @白公胜作乱@  [60.64] @惠王@%二年%，@子西@召故@平王@太子@建@之子@胜@於&吴&，以为=巢=$大夫$，号曰@白公@
父子,晏平仲,之所严事：於=周=则,→,067_仲尼弟子列传,子夏@。师也辟，参也=鲁=，柴也愚，由也喭，回也屡空。赐不受命而货殖焉，亿则屡中。  [2] @孔子@之所严事：於=周=则@老子@；於=卫=，蘧伯*玉*；於=齐=，@晏平仲@；於=楚=，老=莱=子；於
父子,之子！”,使,→,067_仲尼弟子列传,子@三%十岁%。  [84] @子羔@长不盈五尺，受业@孔子@，@孔子@以为愚。  [85] @子路@使@子羔@为费郈宰，@孔子@曰：“贼@夫人@之子！”@子路@曰：“有民人焉，有^社稷^焉，何必读书
父子,湣公,|,→,013_三代世表, |  [r6] @懿王@坚。周道衰，诗人作刺。  |  @魏公@  |  @胡公@  |  @靖侯@  |  @非子@  |  @熊渠@  |  @炀公@，@湣公@弟。  |  @靖伯@  |  @
父子,兴,樛,→,113_南越列传,兴与@吕嘉@乱  [6] @婴齐@代立，即藏其先$武帝$玺。@婴齐@其入宿卫在=长安=时，取=邯郸=@樛@氏女，生子@兴@。及即位，上书请立@樛@氏女为后，@兴@为嗣。&汉&数使使者风谕@婴齐@，@婴
父子,平原君,夫人,→,077_魏公子列传,之，谓其@夫人@曰：“始吾闻@夫人@弟公子〔天下〕无双，今吾闻之，乃妄从博徒卖浆者游，公子妄人耳。”@夫人@以告公子。公子乃谢@夫人@去，曰：“始吾闻@平原君@贤，故负=魏=王而救=赵=，以称@平原君
父子,庞涓,孙武,→,065_孙子吴起列传, ## 孙@膑@受刑  [2] @孙武@既死，後%百馀%岁有@孙膑@。@膑@生=阿=鄄之间，@膑@亦@孙武@之後世子孙也。@孙膑@尝与@庞涓@俱学^兵法^。@庞涓@既事=魏=，得为@惠王@将军，而自以
父子,"$%二年%卒,子$",顷侯,→,034_燕召公世家,"二十年%,&周&$@幽王@$淫乱,为~犬戎~所弑。&秦&始列为诸侯。  [5.3] %二十四年%,$@顷侯@$卒,子$@哀侯@$立。$@哀侯@$%二年%卒,子$@郑侯@$立。$@郑侯@$%三十六年%卒"
父子,苏秦,"之在&燕&,与其$相$",→,034_燕召公世家,"立。  ## [15] 燕哙与子之乱政  [15.1] &燕&@哙@既立,&齐&人杀@苏秦@。@苏秦@之在&燕&,与其$相$@子之@$为婚,而@苏代@与@子之@交。及@苏秦@死,而&齐&$@宣王@$复"
父子,子之,欲以激&燕&$王$以尊,→,034_燕召公世家,"曰:""&齐&$王$奚如?""对曰:""必不霸。""&燕&$王$曰:""何也?""对曰:""不信其$臣$。""@苏代@欲以激&燕&$王$以尊@子之@也。於是&燕&$王$大信@子之@。@子之@因遗@苏代@百*金*,而听"
父子,许由,"谓&燕&$王$:""不如以国让$相$",→,034_燕召公世家,"。於是&燕&$王$大信@子之@。@子之@因遗@苏代@百*金*,而听其所使。  [15.2] @鹿毛寿@谓&燕&$王$:""不如以国让$相$@子之@$。人之谓〚尧〛贤者,以其让天下於@许由@,@许由@不受"
父子,启,",",→,034_燕召公世家,"下。今$王$以国让於@子之@,@子之@必不敢受,是$王$与〚尧〛同行也。""&燕&$王$因属国於@子之@,@子之@大重。或曰:""〚禹〛荐@益@,已而以@启@人为$吏$。及老,而以@启@人为不足任乎天下,"
父子,"老不听政,顾为$臣$,国事皆决於",子之,→,034_燕召公世家,"$吏$无非$太子$人者,是名属@子之@而实$太子$用事也。""$王$因收*印*自三百石*吏*已上而效之@子之@。@子之@南面行$王$事,而@哙@老不听政,顾为$臣$,国事皆决於@子之@。  [15.3]"
父子,$及百姓反攻$太子$,"$围公宫,攻",→,034_燕召公世家,"父子之位。寡人之国小,不足以为先後。虽然,则唯$太子$所以令之。""$太子$因要党聚众,$将军$@市被@$围公宫,攻@子之@,不克。$将军$@市被@$及百姓反攻$太子$@平@$,$将军$@市被@$死,以"
父子,",使",惠王,→,034_燕召公世家,"%三十三年%卒,子$@惠王@$立。  ## [18] @惠王@失策与=齐国=复兴  [18.1] $@惠王@$为$太子$时,与@乐毅@有隙;及即位,疑@毅@,使@骑劫@@代@将。@乐毅@亡走&赵&。&"
父子,齐王,"本首恶,陛下不诛",→,112_平津侯主父列传,"侯*金*,实不劫王令自杀。  [18.4] $上$欲勿诛,是时@公孙弘@为$御史大夫$,乃言曰:""$@齐王@$自杀无後,国除为郡,入&汉&,@主父偃@本首恶,陛下不诛@主父偃@,无以谢〔天下〕。""乃遂"
父子,惠文后,穰侯,→,072_穰侯列传,。@昭王@母故号为羋八子，及@昭王@即位，羋八子号为@宣太后@。@宣太后非@武王@母。@武王@母号曰@惠文后@，先@武王@死。@宣太后@二弟：其异父长弟曰@穰侯@，姓=魏=氏，名厓；同父弟曰羋~戎~，
父子,哀姜,弑,→,032_齐太公世家,，〈纳贡〉于&周&，如^成康之时^。诸侯闻之，皆从=齐=。  [33] %二十七年%，@鲁湣公@母曰@哀姜@，@桓公@女弟也。@哀姜@淫於@鲁公子庆父@，@庆父@弑@湣公@，@哀姜@欲立@庆父@，~鲁
父子,丙戎,丙戎,→,032_齐太公世家,懿公@，@桓公@子也，其母曰@密姬@。  [49] @懿公@%四年春%，初，@懿公@为$公子$时，与@丙戎@之父猎，争获不胜，及即位，断@丙戎@父足，而使@丙戎@仆。@庸职@之妻好，公内之宫，使@庸职
父子,、,书,→,032_齐太公世家,"立，发兵距&鲁&。%秋%，与&鲁&战于=乾时=，&鲁&兵败走，=齐=兵掩绝&鲁&归道。=齐=遗&鲁&@书@曰：""@子纠@兄弟，弗忍诛，请&鲁&自杀之。@召忽@、@管仲@雠也，请得而甘心醢之。不然，将围"
父子,庆父,哀姜,→,032_齐太公世家,康之时^。诸侯闻之，皆从=齐=。  [33] %二十七年%，@鲁湣公@母曰@哀姜@，@桓公@女弟也。@哀姜@淫於@鲁公子庆父@，@庆父@弑@湣公@，@哀姜@欲立@庆父@，~鲁人~更立@釐公@。@桓公@
父子,为,奚齐,→,032_齐太公世家,"晋侯@病，後，遇$宰孔$。$宰孔$曰：""@齐侯@骄矣，弟无行。""从之。是岁，@晋献公@卒，@里克@杀@奚齐@、@卓子@，@秦穆公@以@夫人@入$公子$@夷吾@为@晋君@。@桓公@於是讨&晋&乱，至=高"
父子,属,懿公商人,→,032_齐太公世家,，生@无诡@；少@卫姬@，生@惠公元@；@郑姬@，生@孝公昭@；@葛嬴@，生@昭公潘@；@密姬@，生@懿公商人@；@宋华子@，生$公子$@雍@。@桓公@与@管仲@属@孝公@於@宋襄公@，以为$太子$。
父子,竖刀,宋襄公,→,032_齐太公世家,生@昭公潘@；@密姬@，生@懿公商人@；@宋华子@，生$公子$@雍@。@桓公@与@管仲@属@孝公@於@宋襄公@，以为$太子$。@雍巫@有宠於@卫共姬@，因$宦者$@竖刀@以厚献於@桓公@，亦有宠，@桓
父子,易牙,管仲,→,032_齐太公世家,子$。@雍巫@有宠於@卫共姬@，因$宦者$@竖刀@以厚献於@桓公@，亦有宠，@桓公@许之立@无诡@。@管仲@卒，五$公子$皆求立。%冬十月乙亥%，@齐桓公@卒。@易牙@入，与@竖刀@因内宠杀群吏，而立
父子,齐桓公,管仲,→,032_齐太公世家,公子$战。%五月%，&宋&败=齐=四$公子$师而立$太子$@昭@，是为@齐孝公@。&宋&以@桓公@与@管仲@属之$太子$，故来征之。以乱故，%八月%乃葬@齐桓公@。  ## @孝公昭@公@懿公@时期 
父子,昭公,因,→,032_齐太公世家,=也。%夏%，@宋襄公@卒。%七年%，@晋文公@立。  [46] %十年%，@孝公@卒，@孝公弟@潘@因@@卫公@子@开方@杀@孝公@@子而立@潘@，是为@昭公@。@昭公@，@桓公@子也，其母曰@葛嬴
父子,仲姬,光,→,032_齐太公世家,菑=，=临菑=城守不敢出，&晋&焚郭中而去。  [58] %二十八年%，初，@灵公@取~鲁女~，生子@光@，以为$太子$。@仲姬@，@戎姬@。@戎姬@嬖，@仲姬@生子@牙@，属之@戎姬@。@戎姬@请以
父子,栾盈,晏婴,→,032_齐太公世家,齐=，至=高唐=。  [59] @庄公@%三年%，&晋&$大夫$@栾盈@奔=齐=，@庄公@厚客待之。@晏婴@、@田文子@谏，公弗听。%四年%，@齐庄公@使@栾盈@间入&晋&=曲沃=为内应，以兵随之，上
父子,阳生,鲍牧,→,032_齐太公世家,"大夫$皆伏谒。将与$大夫$盟而立之，@鲍牧@醉，@乞@诬$大夫$曰：""吾与@鲍牧@谋共立@阳生@。""@鲍牧@怒曰：""子忘@景公@之命乎？""诸$大夫$相视欲悔，@阳生@前，顿首曰：""可则立之，否则已。"""
父子,齐襄公,抱上,→,032_齐太公世家,嫁为@鲁桓公@妇，及@桓公@来而@襄公@复通焉。@鲁桓公@知之，怒@夫人@，@夫人@以告@齐襄公@。@齐襄公@与@鲁君@饮，醉之，使$力士$@彭生@抱上@鲁君@*车*，因拉杀@鲁桓公@，@桓公@下*车
父子,卫姬,孝公昭,→,032_齐太公世家,姬@、@徐姬@、@蔡姬@，皆无子。@桓公@好内，多内宠，如@夫人@者六人，长@卫姬@，生@无诡@；少@卫姬@，生@惠公元@；@郑姬@，生@孝公昭@；@葛嬴@，生@昭公潘@；@密姬@，生@懿公商人@；@
父子,葛嬴,懿公商人,→,032_齐太公世家,多内宠，如@夫人@者六人，长@卫姬@，生@无诡@；少@卫姬@，生@惠公元@；@郑姬@，生@孝公昭@；@葛嬴@，生@昭公潘@；@密姬@，生@懿公商人@；@宋华子@，生$公子$@雍@。@桓公@与@管仲@属
父子,生子,明,→,032_齐太公世家,弟复@书@，@崔杼@复杀之。少弟复@书@，@崔杼@乃舍之。  [62] @景公@%元年%，初，@崔杼@生子@成@及@彊@，其母死，取@东郭女@，生@明@。@东郭女@使其前夫子@无咎@与其弟@偃@相@崔
父子,欲立,吴王诸樊,→,086_刺客列传,":""彼@光@将有内志,未可说以外事。""乃进@专诸@於$@公子光@$。  ### [2.3] @公子光@欲立  @光@之父曰$@吴王诸樊@$。$@诸樊@$弟%三人%:次曰$@馀祭@$,次曰$@夷眛@$,"
父子,光,伍子胥,→,086_刺客列传,"$曰:""彼@伍员@父兄皆死於&楚&而@员@言伐&楚&,欲自为报私雠也,非能为&吴&。""&吴&王乃止。@伍子胥@知$@公子光@$之欲杀$@吴王僚@$,乃曰:""彼@光@将有内志,未可说以外事。""乃进@专诸"
父子,"$逃不肯立,&吴&人乃立$","$死,当传$",→,086_刺客列传,"欲卒致国于$@季子札@$。$@诸樊@$既死,传$@馀祭@$。$@馀祭@$死,传$@夷眛@$。$@夷眛@$死,当传$@季子札@$;$@季子札@$逃不肯立,&吴&人乃立$@夷眛@$之子$@僚@$为王。$@"
父子,$将兵围&楚&之=灊=;使$,"$欲因&楚&丧,使其二弟$",→,086_刺客列传," @专诸@刺王僚  @光@既得@专诸@,善客待之。%九年%而&楚&$@平王@$死。%春%,$@吴王僚@$欲因&楚&丧,使其二弟$@公子盖馀@$、$@属庸@$将兵围&楚&之=灊=;使$@延陵季子@$於&"
父子,王僚,"真王嗣,当立,$",→,086_刺客列传,"@$、$@属庸@$路,&吴&兵不得还。於是$@公子光@$谓@专诸@曰:""此时不可失,不求何获!且@光@真王嗣,当立,$@季子@$虽来,不吾废也。""@专诸@曰:""$@王僚@$可杀也。母@老子@弱,而两弟"
父子,$与&韩&、&魏&合谋灭,智伯,→,086_刺客列传,"@豫让@者,&晋&人也,故尝事@范@氏及@中行@氏,而无所知名。去而事@智伯@,@智伯@甚尊宠之。及@智伯@伐$@赵襄子@$,$@赵襄子@$与&韩&、&魏&合谋灭@智伯@,灭@智伯@之後而三分其地。$"
父子,"亦已死矣,而子独何以为之报雠之深也？""",智伯,→,086_刺客列传,"豫让@也。""使人问之,果@豫让@也。於是$@襄子@$乃数@豫让@曰:""子不尝事@范@、@中行@氏乎？@智伯@尽灭之,而子不为报雠,而反委质臣於@智伯@。@智伯@亦已死矣,而子独何以为之报雠之深也？""@"
父子,丹,荆轲,→,086_刺客列传,"丹@所以诫$@田@先生$毋言者,欲以成大事之谋也。今$@田@先生$以死明不言,岂@丹@之心哉!""  @荆轲@坐定,$太子$避*席*顿首曰:""$@田@先生$不知@丹@之不肖,使得至前,敢有所道,此天之所"
父子,荆轲,与,→,086_刺客列传,".1] $太史公$曰:世言@荆轲@,其称$太子@丹@$之命,""天雨*粟*,〘马〙生角""也,太过。又言@荆轲@伤&秦&王,皆非也。始@公孙季功@、@董生@与@夏无且@游,具知其事,为余道之如是。自@曹沫"
父子,孔丘,始有&宋&而嗣让$,→,047_孔子世家,"青年时期  [2.1] @孔子@年%十七%，&鲁&$大夫@孟釐子@$病且死，诫其嗣$@懿子@$曰：""@孔丘@，〔圣人〕之後，灭於&宋&。其祖@弗父何@始有&宋&而嗣让$@厉公@$。及@正考父@佐$@戴"
父子,襄公,女野合而生,→,047_孔子世家,昌平乡陬邑=。其先&宋&人也，曰@孔防叔@。@防叔@生@伯夏@，@伯夏@生@叔梁纥@。@纥@与@颜氏@女野合而生@孔子@，祷於=尼丘=得@孔子@。&鲁&$@襄公@$%二十二年%而@孔子@生。生而首上圩
父子,叔孙氏,$率师击$,→,047_孔子世家, @孔子@年%三十五%，而$@季平子@$与$@郈昭伯@$以斗*鸡*故得罪&鲁&$@昭公@$，$@昭公@$率师击$@平子@$，$@平子@$与$@孟氏@$、$@叔孙氏@$三家共攻$@昭公@$，$@昭公@$
父子,孔子,$敬见,→,047_孔子世家,"^，趋详之节，累世不能殚其学，当年不能究其^礼^。君欲用之以移&齐&俗，非所以先细民也。""後$@景公@$敬见@孔子@，不问其^礼^。异日，$@景公@$止@孔子@曰：""奉子以$@季氏@$，吾不能。""以$"
父子,子赣,"曰：""归乎归乎！吾党之",→,047_孔子世家,"厓求@$。$@厓求@$$将行$，@孔子@曰：""&鲁&人召@求@，非小用之，将大用之也。""是日，@孔子@曰：""归乎归乎！吾党之@小子@狂简，斐然成章，吾不知所以裁之。""@子赣@知@孔子@思归，送$@厓求"
父子,"$曰：""王之使使诸侯有如",百里,→,047_孔子世家,"师迎@孔子@，然後得免。  ## [25] @楚昭王欲封@  [25.1] $@昭王@$将以书社地七@百里@封@孔子@。&楚&$令尹@子西@$曰：""王之使使诸侯有如@子贡@者乎？""曰：""无有。""""王之"
父子,子思,伋,→,047_孔子世家,子@生@鲤@，字$@伯鱼@$。$@伯鱼@$年%五十%，先@孔子@死。  [36.2] $@伯鱼@$生@伋@，字$@子思@$，年%六十二%。尝困於&宋&。$@子思@$作^中庸^。  [36.3] $@子
父子,子慎,穿,→,047_孔子世家,@，字$@子家@$，年%四十五%。$@子家@$生@箕@，字$@子京@$，年%四十六%。$@子京@$生@穿@，字$@子高@$，年%五十一%。$@子高@$生$@子慎@$，年%五十七%，尝为&魏&$相$。 
父子,纥,孔子,→,047_孔子世家,子@生&鲁&=昌平乡陬邑=。其先&宋&人也，曰@孔防叔@。@防叔@生@伯夏@，@伯夏@生@叔梁纥@。@纥@与@颜氏@女野合而生@孔子@，祷於=尼丘=得@孔子@。&鲁&$@襄公@$%二十二年%而@孔子@
父子,子上,求,→,047_孔子世家,$，年%六十二%。尝困於&宋&。$@子思@$作^中庸^。  [36.3] $@子思@$生@白@，字$@子上@$，年%四十七%。$@子上@$生@求@，字$@子家@$，年%四十五%。$@子家@$生@箕@，
父子,子家,箕,→,047_孔子世家,^。  [36.3] $@子思@$生@白@，字$@子上@$，年%四十七%。$@子上@$生@求@，字$@子家@$，年%四十五%。$@子家@$生@箕@，字$@子京@$，年%四十六%。$@子京@$生@穿@，
父子,子京,穿,→,047_孔子世家,上@$，年%四十七%。$@子上@$生@求@，字$@子家@$，年%四十五%。$@子家@$生@箕@，字$@子京@$，年%四十六%。$@子京@$生@穿@，字$@子高@$，年%五十一%。$@子高@$生$@子慎
父子,武,延年,→,047_孔子世家,迁为$长沙太守$。长九尺六寸。  [36.6] $@子襄@$生@忠@，年%五十七%。@忠@生@武@，@武@生@延年@及@安国@。@安国@为今$皇帝$$博士$，至$临淮太守$，蚤卒。@安国@生@卬@，@
父子,齐宣王,文侯,→,069_苏秦列传,=燕=，必报=齐=。@苏秦@去=赵=而从约皆解。  [40] @秦惠王@以其女为=燕=太子妇。是岁，@文侯@卒，太子立，是为=燕=@易王@。@易王@初立，@齐宣王@因=燕=丧伐=燕=，取十城。@易王@
父子,苏厉,苏厉,→,069_苏秦列传,燕=而轻亡=宋=，则=齐=可亡已。”=燕=王曰：“吾终以子受命於天矣。”=燕=乃使一子质於=齐=。而@苏厉@因=燕=质子而求见=齐=王。=齐=王怨@苏秦@，欲囚@苏厉@。=燕=质子为谢，已遂委质为=齐
父子,$欲以$,叔孙通,→,099_刘敬叔孙通列传,"世之要务。""  ## [6] @叔孙通@为$太子太傅$  [6.1] &汉&%九年%，$@高帝@$徙@叔孙通@为$太子太傅$。&汉&%十二年%，$@高祖@$欲以$@赵王如意@$易$太子$，@叔孙通@谏"
父子,优孟,孙叔敖,→,126_滑稽列传,"困。若往见@优孟@，言我@孙叔敖@之子也。""居%数年%，其子穷困负*薪*，逢@优孟@，与言曰：""我，@孙叔敖@子也。父且死时，属我贫困往见@优孟@。""@优孟@曰：""若无远有所之。""即为@孙叔敖@*衣冠"
父子,高祖,吕后,→,096_张丞相列传,"祖@$曰：""然。吾念之欲如是，而群臣谁可者？""@尧@曰：""$御史大夫$@周昌@，其人坚忍质直，且自$@吕后@$、$太子$及$大臣$皆素敬惮之。独@昌@可。""$@高祖@$曰：""善。""於是乃召@周昌@，谓"
父子,张苍,、,→,096_张丞相列传,"备员而已，无所能发明功名有著於当世者。  ## [8] @太史公@曰  [8.1] $太史公$曰：""@张苍@$文学$^律历^，为&汉&名相，而绌@贾生@、@公孙臣@等言^正朔服色^事而不遵，明用&秦&"
父子,穨当,穨当,→,093_韩信卢绾列传,@信@。  ## @韩信@子孙  [7] @信@之入~匈奴~，与太子俱；及至=穨当城=，生子，因名曰@穨当@。&韩&太子亦生子，命曰@婴@。至%孝文十四年%，@穨当@及@婴@率其众降&汉&。&汉&封@
父子,",欲立",宣王,→,033_鲁周公世家,"%九年%%春%,$@武公@$与@长子@@括@,少子@戏@,西朝&周&$@宣王@$。$@宣王@$爱@戏@,欲立@戏@为&鲁&$太子$。&周&之@樊仲山父@谏$@宣王@$曰:""废长立少,不顺;不顺,必犯$"
父子,庄公,叔牙,→,033_鲁周公世家,"斑@怒,鞭@荦@。$@庄公@$闻之,曰:""@荦@有力焉,遂杀之,是未可鞭而置也。""@斑@未得杀。会$@庄公@$有疾。$@庄公@$有三弟,长曰@庆父@,次曰@叔牙@,次曰@季友@。$@庄公@$取&齐&女"
父子,$患,季友,→,033_鲁周公世家,"而问嗣於弟@叔牙@。@叔牙@曰:""一继一及,&鲁&之常也。@庆父@在,可为嗣,$君$何忧?""$@庄公@$患@叔牙@欲立@庆父@,退而问@季友@。@季友@曰:""请以死立@斑@也。""$@庄公@$曰:""曩者"
父子,$卒而,荦,→,033_鲁周公世家,"丧〛,舍于=党氏=。  [14.2] 先时@庆父@与@哀姜@私通,欲立@哀姜@娣子@开@。及$@庄公@$卒而@季友@立@斑@,%十月%%己未%,@庆父@使圉人@荦@杀&鲁&公子@斑@於=党氏=。@季友"
父子,斑,庄公,→,033_鲁周公世家,"@娣子@开@。及$@庄公@$卒而@季友@立@斑@,%十月%%己未%,@庆父@使圉人@荦@杀&鲁&公子@斑@於=党氏=。@季友@奔&陈&。@庆父@竟立$@庄公@$子@开@,是为$@湣公@$。  ## ["
父子,与,袭杀$,→,033_鲁周公世家,"5] @湣公@被杀与@釐公@  [15.1] $@湣公@$%二年%,@庆父@与@哀姜@通益甚。@哀姜@与@庆父@谋杀$@湣公@$而立@庆父@。@庆父@使@卜齮@袭杀$@湣公@$於=武闱=。@季友@闻之"
父子,哀姜,"归,使人杀",→,033_鲁周公世家,"父@恐,奔&莒&。於是@季友@奉子@申@入,立之,是为$@釐公@$。$@釐公@$亦$@庄公@$少子。@哀姜@恐,奔&邾&。@季友@以赂如&莒&求@庆父@,@庆父@归,使人杀@庆父@,@庆父@请奔,弗听"
父子,",","请奔,弗听,乃使$大夫$",→,033_鲁周公世家,"$亦$@庄公@$少子。@哀姜@恐,奔&邾&。@季友@以赂如&莒&求@庆父@,@庆父@归,使人杀@庆父@,@庆父@请奔,弗听,乃使$大夫$@奚斯@$行哭而往。@庆父@闻@奚斯@音,乃自杀。&齐&$@桓公"
父子,"母&陈&女,故亡在&陈&,&陈&故佐送",桓公,→,033_鲁周公世家,"鲁&,及召之&邾&而杀之,以其尸归,戮之&鲁&。&鲁&$@釐公@$请而葬之。  [15.2] @季友@母&陈&女,故亡在&陈&,&陈&故佐送@季友@及子@申@。@季友@之将生也,父&鲁&$@桓公@$使"
父子,"$%二年%,~鄋瞒~伐&齐&,&齐&$",荣如,→,033_鲁周公世家,"师御之,以败~翟~于=长丘=,获~长翟~@缘斯@。&晋&之灭路,获@乔如@弟@棼如@。&齐&$@惠公@$%二年%,~鄋瞒~伐&齐&,&齐&$@王子@$@城父@$获其弟@荣如@,埋其首於=北门=。&卫&"
父子,襄仲,宣公,→,033_鲁周公世家,"@宣公@$卒,子$@成公@$$@黑肱@$立,是为$@成公@$。@季文子@曰:""使我杀適立庶失大援者,@襄仲@。""@襄仲@立$@宣公@$,@公孙归父@有宠。$@宣公@$欲去^三桓^,与&晋&谋伐^三桓^"
父子,旦,"$在时,",→,033_鲁周公世家,"] @周公@的身世与辅佐@武王@  [1.1] &周&@公旦@者,&周&$@武王@$弟也。自$@文王@$在时,@旦@为子孝,笃仁,异於群子。及$@武王@$即位,@旦@常辅翼$@武王@$,用@事@居多。"
父子,"曰:""我$",成王,→,033_鲁周公世家,"〕久矣,於今而后成。$@武王@$蚤终,$@成王@$少,将以成&周&,我所以为之若此。""於是卒$相$$@成王@$,而使其子@伯禽@代就封於&鲁&。@周公@戒@伯禽@曰:""我$@文王@$之子,$@武王@$"
父子,"$%四年%卒,立弟",伯禽,→,033_鲁周公世家,"此^肸誓^,遂平~徐戎~,定&鲁&。  ## [8] 鲁国世系(早期)  [8.1] $@鲁公@$$@伯禽@$卒,子$@考公@$$@酋@$立。$@考公@$%四年%卒,立弟@熙@,是谓$@炀公@$。$@"
父子,伯御,$兄,→,033_鲁周公世家,"夏%,$@武公@$归而卒,@戏@立,是为$@懿公@$。  [9.2] $@懿公@$%九年%,$@懿公@$兄@括@之子@伯御@与&鲁&人攻弑$@懿公@$,而立@伯御@为$君$。@伯御@即位%十一年%,&"
父子,隐公,惠公,→,033_鲁周公世家,"其$君$@昭侯@$。%四十五年%,&晋&人又弑其$君$@孝侯@$。  [10.4] %四十六年%,$@惠公@$卒,长庶子@息@摄当国,行$君$@事@,是为$@隐公@$。初,$@惠公@$適$夫人$无子,"
父子,",%十月%%己未%,","私通,欲立",→,033_鲁周公世家,"立子@斑@为$君$,如$@庄公@$命。侍〚丧〛,舍于=党氏=。  [14.2] 先时@庆父@与@哀姜@私通,欲立@哀姜@娣子@开@。及$@庄公@$卒而@季友@立@斑@,%十月%%己未%,@庆父@使圉人"
父子,庆父,荦,→,033_鲁周公世家,"@私通,欲立@哀姜@娣子@开@。及$@庄公@$卒而@季友@立@斑@,%十月%%己未%,@庆父@使圉人@荦@杀&鲁&公子@斑@於=党氏=。@季友@奔&陈&。@庆父@竟立$@庄公@$子@开@,是为$@湣公"
父子,以赂如&莒&求,庄公,→,033_鲁周公世家,"诛@庆父@。@庆父@恐,奔&莒&。於是@季友@奉子@申@入,立之,是为$@釐公@$。$@釐公@$亦$@庄公@$少子。@哀姜@恐,奔&邾&。@季友@以赂如&莒&求@庆父@,@庆父@归,使人杀@庆父@,@"
父子,桓公,"母&陈&女,故亡在&陈&,&陈&故佐送",→,033_鲁周公世家,"鲁&,及召之&邾&而杀之,以其尸归,戮之&鲁&。&鲁&$@釐公@$请而葬之。  [15.2] @季友@母&陈&女,故亡在&陈&,&陈&故佐送@季友@及子@申@。@季友@之将生也,父&鲁&$@桓公@$使"
父子,"$讨&晋&乱,至=高梁=而还,立$",奚齐,→,033_鲁周公世家,"以=汶阳=、=鄪=封@季友@。@季友@为$相$。  [16.2] %九年%,&晋&@里克@杀其$君$@奚齐@$、@卓子@。&齐&$@桓公@$率$@釐公@$讨&晋&乱,至=高梁=而还,立$@晋惠公@$。"
父子,俀,$有二妃:长妃&齐&女为,→,033_鲁周公世家,"] %十五年%,@季文子@使於&晋&。  [17.5] %十八年%%二月%,$@文公@$卒。$@文公@$有二妃:长妃&齐&女为@哀姜@,生子@恶@及@视@;次妃@敬嬴@,嬖爱,生子@俀@。@俀@私@事"
父子,以难告$,季氏,→,033_鲁周公世家,"@怒而侵@郈氏@,@郈昭伯@亦怒@平子@。@臧昭伯@之弟@会@伪谗@臧氏@,匿@季氏@,@臧昭伯@囚@季氏@人。@季平子@怒,囚@臧氏@老。@臧@、@郈氏@以难告$@昭公@$。$@昭公@$%九月%%戊"
父子,孟孙,"见公还,见",→,033_鲁周公世家,"而$臣$於&齐&,可乎?""乃止。@子家@曰:""&齐&$@景公@$无信,不如早之&晋&。""弗从。@叔孙@见公还,见@平子@,@平子@顿首。初欲迎$@昭公@$,@孟孙@、@季孙@後悔,乃止。  [21.3"
父子,史墨,"$立,&赵&",→,033_鲁周公世家,"公@$弟@宋@为$君$,是为$@定公@$。  ## [22] @定公@时期  [22.1] $@定公@$立,&赵&@简子@问$@史墨@$曰:""@季氏@亡乎?""$@史墨@$对曰:""不亡。@季友@有大功於"
父子,"$卒,","有大功於&鲁&,受=鄪=为$上卿$,至于",→,033_鲁周公世家," $@定公@$立,&赵&@简子@问$@史墨@$曰:""@季氏@亡乎?""$@史墨@$对曰:""不亡。@季友@有大功於&鲁&,受=鄪=为$上卿$,至于@文子@、@武子@,世增其业。&鲁&$@文公@$卒,@东门"
父子,田常,、,→,033_鲁周公世家,"&@田常@弑其$君$@简公@$於=袪州=。@孔子@请伐之,$@哀公@$不听。%十五年%,使@子服景伯@、@子贡@为介,適&齐&,&齐&归我侵地。@田常@初$相$,欲亲诸侯。  [23.5] %十六年%"
父子,"$%二十一年%卒,子",悼公,→,033_鲁周公世家,"家。  [24.2] %十三年%,三&晋&灭@智伯@,分其地有之。  [24.3] %三十七年%,$@悼公@$卒,子@嘉@立,是为$@元公@$。$@元公@$%二十一年%卒,子@显@立,是为$@穆公@$"
父子,"$%二年%,&楚&$",平公,→,033_鲁周公世家,"时^六国^皆称$王$。  [24.4] $@平公@$%十二年%,&秦&$@惠王@$卒。%二十年%,$@平公@$卒,子@贾@立,是为$@文公@$。$@文公@$%二年%,&楚&$@怀王@$死于&秦&。%二"
父子,黄帝,及父,→,002_夏本纪,禹@之父曰@鲧@，@鲧@之父曰@帝颛顼@，@颛顼@之父曰@昌意@，@昌意@之父曰@黄帝@。@禹@者，@黄帝@之玄孙而@帝颛顼@之孙也。@禹@之曾大父@昌意@及父@鲧@皆不得在帝位，为$人臣$。  [1
父子,奋,"曰：""",→,103_万石张叔列传,"$。@奋@长子@建@，次子@甲@，次子@乙@，次子@庆@，皆以驯行孝谨，官皆至^二千石^。於是@景帝@曰：""@石君@及四子皆^二千石^，$人臣$尊宠乃集其门。""号@奋@为@万石君@。  ### [1."
父子,文帝,孝景,→,103_万石张叔列传,"侯$@卫绾@者，=代==大陵=人也。@绾@以戏*车*为郎，事@文帝@，功次迁为$中郎将$，醇谨无他。@孝景@为$太子$时，召上左右饮，而@绾@称病不行。@文帝@且崩时，属@孝景@曰：""@绾@长者，善遇"
父子,怀公,；,→,037_卫康叔世家, $@昭公@$%六年%，公子@亹@弑之代立，是为$@怀公@$。$@怀公@$%十一年%，公子@穨@弑$@怀公@$而代立，是为$@慎公@$。$@慎公@$父，公子@適@；@適@父，$@敬公@$也。$@慎公@
父子,榅伯,考伯,→,037_卫康叔世家,@卫国早期世系@  [5.5] @康叔@卒，子$@康伯@$代立。$@康伯@$卒，子$@考伯@$立。$@考伯@$卒，子$@嗣伯@$立。$@嗣伯@$卒，子$@榅伯@$立。$@榅伯@$卒，子$@靖伯@$立。
父子,贞伯,榅伯,→,037_卫康叔世家,康伯@$卒，子$@考伯@$立。$@考伯@$卒，子$@嗣伯@$立。$@嗣伯@$卒，子$@榅伯@$立。$@榅伯@$卒，子$@靖伯@$立。$@靖伯@$卒，子$@贞伯@$立。$@贞伯@$卒，子$@顷侯@$立。
父子,$弟,釐侯,→,037_卫康叔世家,%，&周&$@宣王@$立。   ## [5] @共伯@与@武公@争位  [8.8] %四十二年%，$@釐侯@$卒，$太子$$@共伯@$@馀@立为$君$。$@共伯@$弟@和@有宠於$@釐侯@$，多予之赂
父子,死者子,宣公,→,037_卫康叔世家,筑=楚丘=，立$@戴公@$弟@毁@为&卫&$君$，初，~翟~杀$@懿公@$也，&卫&人怜之，思复立$@宣公@$前死$太子$@伋@之後，@伋@子又死，而代@伋@死者子@寿@又无子。$太子$@伋@同母弟%
父子,戏阳,$$夫人$,→,037_卫康叔世家,之如&鲁&。後有隙，@孔子@去。後复来。  [31.32] %三十九年%，$太子$@蒯聩@与$@灵公@$$夫人$@南子@有恶，欲杀@南子@。@蒯聩@与其徒@戏阳@谋，朝，使杀$夫人$。@戏阳@後悔，不
父子,弑其$君$$,弑其$君$$,→,037_卫康叔世家,@不得入，入=宿=而保，&卫&人亦罢兵。  [33.35] $@出公@$@辄@%四年%，&齐&@田乞@弑其$君$$@孺子@$。%八年%，&齐&@鲍子@弑其$君$$@悼公@$。  [33.36] @孔子
父子,浑良夫,文子,→,037_卫康叔世家,&鲁&。   ## [22] @孔悝@之乱与@子路@之死  [34.37] %十二年%，初，@孔圉@@文子@取$太子$@蒯聩@之姊，生@悝@。@孔氏@之竖@浑良夫@美好，@孔文子@卒，@良夫@通於@悝
父子,慎公,慎公,→,037_卫康叔世家,代立，是为$@怀公@$。$@怀公@$%十一年%，公子@穨@弑$@怀公@$而代立，是为$@慎公@$。$@慎公@$父，公子@適@；@適@父，$@敬公@$也。$@慎公@$%四十二年%卒，子$@声公@$@训@
父子,$之後而更立,申,→,037_卫康叔世家,。自$@懿公@$父$@惠公@$@朔@之谗杀$太子$@伋@代立至於$@懿公@$，常欲败之，卒灭$@惠公@$之後而更立@黔牟@之弟$@昭伯@$@顽@之子@申@为$君$，是为$@戴公@$。  [19.19]
父子,"$家得幸$天子$,故冒姓为",同母兄,→,111_卫将军骠骑列传,"。其父@郑季@,为$吏$,给事$@平阳侯@$家,与$侯$妾@卫媪@通,生@青@。  [1.2] @青@同母兄@卫长子@,而姊@卫子夫@自$@平阳公主@$家得幸$天子$,故冒姓为@卫@氏。字$@仲卿@$"
父子,皆冒,少兒,→,111_卫将军骠骑列传,"@卫@氏。字$@仲卿@$。@长子@更字$@长君@$。@长君@母号为@卫媪@。@媪@长女@卫孺@,次女@少兒@,次女@卫子夫@。後$@子夫@$男弟@步@、@广@皆冒@卫@氏。  [1.3] @青@为$侯"
父子,",为$吏$,给事$",青,→,111_卫将军骠骑列传,"骑$列传  ## [1] @卫青@家世  [1.1] $大将军@卫青@$者,=平阳=人也。其父@郑季@,为$吏$,给事$@平阳侯@$家,与$侯$妾@卫媪@通,生@青@。  [1.2] @青@同母兄@卫"
父子,、,中行,→,044_魏世家,%十四岁%而@孔子@相&鲁&。後%四岁%，@赵简子@以=晋阳=之乱也，而与@韩@、@魏@共攻@范@、@中行@氏。@魏献子@生@魏侈@。@魏侈@与@赵鞅@共攻@范@、@中行@氏。  [4.4] @魏侈@
父子,田子方,$之师,→,044_魏世家,"。  [5.3] %十七年%，伐&中山&，使$@子击@$守之，@赵仓唐@傅之。$@子击@$逢$@文侯@$之师@田子方@於=朝歌=，引*车*避，下谒。@田子方@不为^礼^。$@子击@$因问曰：""〔富贵〕"
父子,$比乎？$,哉！'是以知$,→,044_魏世家,君不察故也。居视其所亲，富视其所与，达视其所举，穷视其所不为，贫视其所不取，五者足以定之矣，何待@克@哉！'是以知$@魏成子@$之为相也。且子安得与$@魏成子@$比乎？$@魏成子@$以食禄千*锺*，什
父子,信陵君无忌,安釐王,→,044_魏世家,&乃止@增@。  [25.2] %三十一年%，$@秦王政@$初立。  [25.3] %三十四年%，$@安釐王@$卒，$太子@增@$立，是为$@景湣王@$。$@信陵君无忌@$卒。  ## [26] 魏@
父子,袭,悼子,→,044_魏世家,%二十一年%，@武子@从$@重耳@$出亡。%十九年%反，$@重耳@$立为$@晋文公@$，而令@魏武子@袭@魏@氏之後封，列为$大夫$，治於=魏=。生@悼子@。  [2.2] @魏悼子@徙治=霍=。生@
父子,魏悼子,魏绛,→,044_魏世家,@晋文公@$，而令@魏武子@袭@魏@氏之後封，列为$大夫$，治於=魏=。生@悼子@。  [2.2] @魏悼子@徙治=霍=。生@魏绛@。  ## [3] @魏绛@事晋  [3.1] @魏绛@事$@晋悼公
父子,嬴,魏献子,→,044_魏世家,"和，子之力也。""赐之*乐*，三让，然後受之。徙治=安邑=。@魏绛@卒，谥为$@昭子@$。生@魏嬴@。@嬴@生@魏献子@。  ## [4] @魏献子@为政  [4.1] @献子@事$@晋昭公@$。$@昭"
父子,、,魏侈,→,044_魏世家,。  [4.3] 其後%十四岁%而@孔子@相&鲁&。後%四岁%，@赵简子@以=晋阳=之乱也，而与@韩@、@魏@共攻@范@、@中行@氏。@魏献子@生@魏侈@。@魏侈@与@赵鞅@共攻@范@、@中行@氏。 
父子,；,；於,→,027_天官书,於@唐@、@虞@，@羲@、@和@；有@夏@，@昆吾@；@殷商@，@巫咸@；@周室@，@史佚@、@苌弘@；於@宋@，@子韦@；@郑@则@裨灶@；在@齐@，@甘公@；@楚@，@唐眛@；@赵@，@尹皋@；@
父子,鲍氏,吴王,→,031_吴太伯世家,"在腹心，今得志於&齐&，犹石田，无所用。且@盘庚@之诰有颠越勿遗，&商&之以兴。""  [34.4] @吴王@不听，使@子胥@於&齐&，@子胥@属其子於&齐&@鲍氏@，还报@吴王@。@吴王@闻之，大怒，"
父子,卫鞅,景监,→,068_商君列传,$宠臣$@景监@以求见@孝公@。@孝公@既见@卫鞅@，语事良久，@孝公@时时睡，弗听。罢而@孝公@怒@景监@曰：“子之客妄人耳，安足用邪！”@景监@以让@卫鞅@。@卫鞅@曰：“吾说公以帝道，其志不开悟
父子,孟尝君,舍人,→,075_孟尝君列传,故欲必出之。=秦=不果出@楚怀王@。  ## @魏子自刭明忠心@  [10] @孟尝君@相=齐=，其@舍人@=魏=子为@孟尝君@收邑入，三反而不致一入。@孟尝君@问之，对曰：“有贤者，窃假与之，以故不
献策,并军与,龙且,→,092_淮阴侯列传,"广@至=高密=西。&楚&亦使@龙且@将，号称二十万，救&齐&。  [8.3] $@齐王广@$、@龙且@并军与@信@战，未合。人或说@龙且@曰：""&汉&兵远斗穷战，其锋不可当。&齐&、&楚&自居其地战，"
献策,丕郑,缪公,→,005_秦本纪,@许之，使人与@丕郑@归，召@吕@、@郤@。@吕@、@郤@等疑@丕郑@有间，乃言@夷吾@杀@丕郑@。@丕郑@子@丕豹@奔&秦&，说@缪公@曰：“&晋&君无道，百姓不亲，可伐也。”@缪公@曰：“百姓苟不
献策,为$北石侯$；封$横海将军$,为$案道侯$；封$横海校尉$,→,114_东越列传,军$，故封$繇王$@居股@为$东成侯$，%万户%；封$建成侯$@敖@为$开陵侯$；封$越衍侯$@吴阳@为$北石侯$；封$横海将军$@说@为$案道侯$；封$横海校尉$@福@为$缭嫈侯$。@福@者，=成阳
献策,申生,献公,→,039_晋世家,"後必蕃昌。""   ## @太子申生@帅师伐=东山=  [24.27] %十七年%，&晋&$侯$使太子@申生@伐=东山=。@里克@谏@献公@曰：""太子奉冢祀^社稷^之^粢盛^，以朝夕视君膳者也，故曰冢子"
献策,重耳,赵衰,→,039_晋世家,"晋&更迎其弟@夷吾@立之，是为@惠公@。@惠公@%七年%，畏@重耳@，乃使$宦者$@履鞮@与壮士欲杀@重耳@。@重耳@闻之，乃谋@赵衰@等曰：""始吾奔~狄~，非以为可用与，以近易通，故且休足。休足久矣"
献策,荣夷公,厉王,→,004_周本纪,。  ### @厉王@暴政  [29] @夷王@崩，子@厉王胡@立。@厉王@即位%三十年%，好利，近@荣夷公@。$大夫$@芮良夫@谏@厉王@曰：“王室其将卑乎？夫@荣公@好专利而不知大难。夫利，百物之
献策,项羽,说,→,008_高祖本纪,梁&地。  [29.5] &楚&令@萧公角@击@彭越@，@彭越@大破之。  [29.6] @陈馀@怨@项羽@之弗王己也，令@夏说@说@田荣@，请兵击@张耳@。  [29.7] &齐&予@陈馀@兵，击破
献策,范睢,蔡泽,→,079_范睢蔡泽列传,见，与语，大说之，拜为$客卿$。$应侯$因谢病请归相*印*。@昭王@彊起$应侯$，$应侯$遂称病笃。@范睢@$免相$，@昭王@新说@蔡泽@计画，遂拜为=秦=相，东收=周=室。  [34] @蔡泽@相=
献策,不用其筴不以为将,武臣,→,089_张耳陈馀列传,"=，@张耳@、@陈馀@闻@周章@军入关，至=戏=卻；又闻诸将为@陈王@徇地，多以谗毁得罪诛，怨@陈王@不用其筴不以为将@而以@为$校尉$。乃说@武臣@曰：""@陈王@起=蕲=，至=陈=而王，非必立^六国"
献策,阴使,&齐&王,→,007_项羽本纪,"，并王三齐。  [107.2] @荣@与@彭越@$将军$印，令反=梁=地。  [108.1] @陈馀@阴使@张同@、@夏说@@说@&齐&王@田荣@曰：  > ""@项羽@为〔天下〕宰，不平。今尽王故王於"
献策,昭王,费无忌,→,040_楚世家,"法，更立则乱，言之则致诛。""乃立太子@珍@，是为@昭王@。  ## 诛@费无忌@  [51.55] @昭王@%元年%，&楚&众不说@费无忌@，以其谗亡太子@建@，杀@伍奢@子@父@与@郤宛@。@宛@之"
献策,因善遇,楚王,→,040_楚世家,"&女必贵，而@夫人@必斥矣。@夫人@不若言而出之。""@郑袖@卒言@张仪@於王而出之。@仪@出，@怀王@因善遇@仪@，@仪@因说@楚王@以叛从约而与&秦&合亲，约婚姻。@张仪@已去，@屈原@使从&齐&来"
献策,郦生,豹,→,090_魏豹彭越列传,"王闻@魏豹@反，方东忧&楚&，未及击，谓@郦生@曰：""缓颊往说@魏豹@，能下之，吾以%万户%封若。""@郦生@说@豹@。@豹@谢曰：""人生%一世%间，如白驹过隙耳。今&汉&王慢而侮人，骂詈诸侯群臣如骂奴"
献策,田乞,景公,→,032_齐太公世家,"，@晏婴@卒。  [69] %五十五年%，@范@、@中行@反其君於&晋&，&晋&攻之急，来请*粟*。@田乞@欲为乱，树党於逆臣，说@景公@曰：""@范@、@中行@数有德於=齐=，不可不救。""及使@乞@救"
献策,、,庆氏,→,032_齐太公世家,"，益骄，嗜酒好猎，不听政令。@庆舍@用政，已有内郤。@田文子@谓@桓子@曰：""乱将作。""@田@、@鲍@、@高@、@栾氏@相与谋@庆氏@。@庆舍@发甲围@庆封@宫，四家徒共击破之。@庆封@还，不得入，奔"
献策,郦寄,吕禄,→,009_吕太后本纪,"侯$@通@尚^符节^。  [43.3] 乃令持节矫内$太尉$$北军$。  [43.4] $太尉$复令@郦寄@与$典客$@刘揭@先说@吕禄@曰：  > ""帝使$太尉$守$北军$，欲足下之国，急归将印辞去"
献策,出诡胜,孝王,→,108_韩长孺列传,，说之，欲请以为$内史$。@窦太后@闻，乃诏王以@安国@为$内史$。  ### [1.4] 说@孝王@出诡胜  @公孙诡@、@羊胜@说@孝王@求为帝$太子$及益地事，恐&汉&大臣不听，乃阴使人刺&汉&
献策,齐宣王,湣王,→,069_苏秦列传,：“唯先生之所为。”於是@苏秦@详为得罪於=燕=而亡走=齐=，@齐宣王@以为$客卿$。  [44] @齐宣王@卒，@湣王@即位，说@湣王@^厚葬^以明孝，高^宫室^大^苑囿^以明@得意@，欲破敝=齐=
献策,生子,梁氏,→,033_鲁周公世家,"十二年%,初,$@庄公@$筑*台*临=党氏=,见@孟女@,说而爱之,许立为$夫人$,割臂以盟。@孟女@生子@斑@。@斑@长,说@梁氏@女,往观。圉人@荦@自*墙*外与@梁氏@女戏。@斑@怒,鞭@荦@。"
献策,合骑侯,"$从$大将军$出=窳浑=,至~匈奴~$",→,111_卫将军骠骑列传,"$曰:""$护军都尉@公孙敖@$三从$大将军$击~匈奴~,常$护军$,傅校获王,以千五百户封@敖@为$@合骑侯@$。$都尉@韩说@$从$大将军$出=窳浑=,至~匈奴~$@右贤王@$庭,为麾下搏战获王,以"
献策,"$庭,为麾下搏战获王,以千三百户封",为$,→,111_卫将军骠骑列传,"王,以千五百户封@敖@为$@合骑侯@$。$都尉@韩说@$从$大将军$出=窳浑=,至~匈奴~$@右贤王@$庭,为麾下搏战获王,以千三百户封@说@为$@龙嵒侯@$。$骑将军@公孙贺@$从$大将军$获王,以"
献策,"兮,卒被^五刑^;","胥靡兮,乃相$",→,084_屈原贾生列传,"〔吉凶〕同域。彼&吴&彊大兮,$@夫差@$以败;&越&栖=会稽=兮,$@句践@$霸世。@斯@游@遂成@兮,卒被^五刑^;@傅说@胥靡兮,乃相$@武丁@$。夫祸之与福兮,何异纠纆。命不可说兮,孰知其极？"
献策,伍子胥,吴王僚,→,031_吴太伯世家,"王$怒，故遂伐&楚&，取两都而去。  ## @专诸@刺僚  ### @专诸@刺王僚  [22.1] @伍子胥@之初奔=吴=，说@吴王僚@以伐&楚&之利。  [22.2] @公子光@曰：  > ""@胥@"
献策,孟尝君,秦昭王,→,075_孟尝君列传,所笑乎？”@孟尝君@乃止。  [6] @齐湣王@%二十五年%，复卒使@孟尝君@入=秦=，@昭王@即以@孟尝君@为=秦=相。人或说@秦昭王@曰：“@孟尝君@贤，而又=齐=族也，今相=秦=，必先=齐=而後
祖孙,昆莫,骞,→,123_大宛列传,"希矣。其後%二年%，&汉&击走$单于$於=幕北=。  [14] 是後$天子$数问@骞@&大夏&之属。@骞@既失侯，因言曰：""臣居~匈奴~中，闻&乌孙王&号@昆莫@，@昆莫@之父，~匈奴~西边小国也。~"
祖孙,浑邪,昆莫,→,123_大宛列传,"王&@昆莫@见&汉&使如$单于$礼，@骞@大惭，知~蛮夷~贪，乃曰：""$天子$致赐，王不拜则还赐。""@昆莫@起拜赐，其他如故。@骞@谕使指曰：""&乌孙&能东居@浑邪@地，则&汉&遣^翁主^为@昆莫@@"
祖孙,子舆,秦穆公,→,105_扁鹊仓公列传,"$皆惧，於是召@扁鹊@。@扁鹊@入视病，出，@董安于@问@扁鹊@，@扁鹊@曰：""血脉治也，而何怪！昔@秦穆公@尝如此，%七日%而寤。寤之日，告@公孙支@与@子舆@曰：""我之帝所甚乐。吾所以久者，適有所"
祖孙,无咎,武王,→,128_龟策列传,灭息无光。!列星!奔乱，皆绝纪纲。以是观之，安得久长！虽无@汤@@武@，时固当亡。故@汤@伐@桀@，@武王@剋@纣@，其时使然。乃为$天子$，子孙续世；终身@无咎@，後世称之，至今不已。是皆当时而行，
祖孙,田忌,吴起,→,074_孟子荀卿列传,，梁@惠王@不果所言，则见以为迂远而阔於事情。当是之时，=秦=用=商=君，富国彊兵；=楚=、=魏=用@吴起@，战胜弱敌；@齐威王@、@宣王@用@孙子@、@田忌@之徒，而诸侯东面朝=齐=。〔天下〕方务於
祖孙,项羽,都,→,094_田儋列传,而立侯王也，乃徙&齐&王@田市@更王&胶东&，治=即墨=。&齐&将@田都@从共救&赵&，因入关，故立@都@为&齐&王，治=临淄=。故&齐&王@建@孙@田安@，@项羽@方渡河救&赵&，@田安@下=济北=
祖孙,桓叔,成师,→,039_晋世家,0] @昭侯@%元年%，封@文侯弟@成师@于=曲沃=。=曲沃=邑大於=翼=。=翼=，&晋&君都邑也。@成师@封=曲沃=，号为@桓叔@。@靖侯@庶孙栾宾@相@桓叔@。@桓叔@是时%年五十八%矣，好德，&
祖孙,治^春秋^不如,董仲舒,→,121_儒林列传,其师书，以为下愚。於是下@董仲舒@吏，【当死】，诏赦之。於是@董仲舒@竟不敢复言灾异。  [20] @董仲舒@为人廉直。是时方外攘~四夷~，@公孙弘@治^春秋^不如@董仲舒@，而@弘@希世用事，位至$
祖孙,石,杜,→,104_田叔列传,"^三公^有亲属，无所畏惮，宜先正=三河=以警〔天下〕奸吏。""是时$河南$、$河内太守$皆$御史大夫$@杜@父兄子弟也，$河东太守$@石@$丞相$子孙也。是时@石@氏%九%人为^二千石^，方盛贵。@田仁"
祖孙,高圉,公叔祖类,→,004_周本纪,仆@卒，子@差弗@立。@差弗@卒，子@毁隃@立。@毁隃@卒，子@公非@立。@公非@卒，子@高圉@立。@高圉@卒，子@亚圉@立。@亚圉@卒，子@公叔祖类@立。@公叔祖类@卒，子@古公亶父@立。  [4.
祖孙,尝为,项籍,→,120_汲郑列传,汲黯@，出其下。  ## @郑当时家世@  [14] @郑当时@者，字@庄@，=陈=人也。其先@郑君@尝为@项籍@将；@籍@死，已而属&汉&。&高祖&令诸故@项籍@臣名@籍@，@郑君@独不奉诏。诏尽拜
祖孙,帝沃甲,祖丁,→,003_殷本纪,&殷&复兴。@巫贤@任职。  [18] @祖乙@崩，子@帝祖辛@立。@帝祖辛@崩，弟@沃甲@立，是为@帝沃甲@。@帝沃甲@崩，立@沃甲@兄@祖辛@之子@祖丁@，是为@帝祖丁@。@帝祖丁@崩，立弟@沃甲
祖孙,南庚,阳甲,→,003_殷本纪,甲@。@帝沃甲@崩，立@沃甲@兄@祖辛@之子@祖丁@，是为@帝祖丁@。@帝祖丁@崩，立弟@沃甲@之子@南庚@，是为@帝南庚@。@帝南庚@崩，立@帝祖丁@之子@阳甲@，是为@帝阳甲@。@帝阳甲@之时，&
祖孙,帝太甲,太丁,→,003_殷本纪,@即位%三年%，崩，立@外丙@之弟@中壬@，是为@帝中壬@。@帝中壬@即位%四年%，崩，@伊尹@乃立@太丁@之子@太甲@。@太甲@，@成汤@適长孙也，是为@帝太甲@。@帝太甲@%元年%，@伊尹@作*伊
祖孙,"宁可以让邪？""乃拜",太后,→,107_魏其武安侯列传,"@%三年%，&吴&&楚&反，上察宗室诸@窦@毋如@窦婴@贤，乃召@婴@。@婴@入见，固辞谢病不足任。@太后@亦惭。於是上曰：""〔天下〕方有急，@王孙@宁可以让邪？""乃拜@婴@为$大将军$，赐金%千%斤"
祖孙,昭公,昭公,→,038_宋微子世家,篡立  [41.53] %六十四年%，$@景公@$卒。&宋&$公子$@特@攻杀$太子$而自立，是为$@昭公@$。$@昭公@$者，$@元公@$之曾@庶孙@也。$@昭公@$父@公孙纠@，@纠@父$公子$@
祖孙,陈平,吕后,→,095_樊郦滕灌列传,灭】@戚@氏、&赵&王@如意@之属。@高帝@闻之大怒，乃使@陈平@载$绛侯$代将，而即军中斩@哙@。@陈平@畏@吕后@，执@哙@诣=长安=。至则@高祖@已崩，@吕后@释@哙@，使复爵邑。  [10] 
祖孙,带佗,、,→,006_秦始皇本纪,@、@徐尚@、@苏秦@、@杜赫@之属为之谋，@齐明@、@周最@、@陈轸@、@昭滑@、@楼缓@、@翟景@、@苏厉@、@乐毅@之徒通其意，@吴起@、@孙膑@、@带佗@、@兒良@、@王廖@、@田忌@、@廉颇
祖孙,孝公,蔡泽,→,079_范睢蔡泽列传,蔡泽@曰：“若夫=秦=之=商=君，=楚=之@吴起@，=越=之$大夫$种，其卒然亦可原与？”$应侯$知@蔡泽@之欲困己以说，复谬曰：“何为不可？夫@公孙鞅@之事@孝公@也，极身无贰虑，尽公而不顾私；设刀
祖孙,悼惠,黥布,→,054_曹相国世家,食邑。  [7] 以=齐=$相国$击@陈豨@将张%春%军，破之。@黥布@反，@参@以=齐=$相国$从@悼惠@$王$将兵*车*骑十二%万人%，与@高祖@会击@黥布@军，大破之。南至蕲，还定〘竹〙邑、相、
祖孙,带他,、,→,048_陈涉世家,@、@徐尚@、@苏秦@、@杜赫@之属为之谋，@齐明@、@周勣@、@陈轸@、@邵滑@、@楼缓@、@翟景@、@苏厉@、@乐毅@之徒通其意，@吴起@、@孙膑@、@带他@、@兒良@、@王廖@、@田忌@、@廉颇
祖孙,成公,秦康公,→,014_十二诸侯年表, |  三十二  |  七  |  十三  |  晋@灵公@@夷皋@$元年$@赵盾@专政。  |  @秦康公@䓨$元年$  |  六  |  十七@公孙@固杀@成公@。  |  十五  |  十二  
祖孙,杵臼,成公,→,043_赵世家,"赵@氏於^下宫^，杀@赵朔@、@赵同@、@赵括@、@赵婴齐@，皆灭其族。  [4.3] @赵朔@妻$@成公@$姊，有遗腹，走公宫匿。@赵朔@客曰@公孙杵臼@，@杵臼@谓@朔@友人@程婴@曰：""胡不死？"
祖孙,"曰：""","曰：""立孤与死孰难？""",→,043_赵世家,"声。""及索，兒竟无声。已脱，@程婴@谓@公孙杵臼@曰：""今一索不得，後必且复索之，柰何？""@公孙杵臼@曰：""立孤与死孰难？""@程婴@曰：""死易，立孤难耳。""@公孙杵臼@曰：""@赵@氏先君遇子厚，子彊为"
祖孙,子舆,秦缪公,→,043_赵世家,"五日%不知人，$大夫$皆惧。医@扁鹊@视之，出，@董安于@问。@扁鹊@曰：""血脉治也，而何怪！在昔$@秦缪公@$尝如此，%七日%而寤。寤之日，告@公孙支@与@子舆@曰：'我之〚帝〛所甚乐。吾所以久者，"
祖孙,为$,南皮侯,→,049_外戚世家,帝@$幸=邯郸=$@慎夫人@$、$@尹姬@$，皆毋子。$@孝文帝@$崩，$@孝景帝@$立，乃封@广国@为$@章武侯@$。$@长君@$前死，封其子@彭祖@为$@南皮侯@$。&吴&、&楚&反时，$@窦太后
祖孙,臧兒,臧兒,→,049_外戚世家,物赐$长公主@嫖@$。  ## [7] @王太后@  [7.1] $@王太后@$，=槐里=人，母曰$@臧兒@$。$@臧兒@$者，故$@燕王臧荼@$孙也。$@臧兒@$嫁为=槐里=$@王仲@$妻，生男曰@
祖孙,王孙,王太后,→,049_外戚世家,@曰($修成君$)  [15.1] $褚先生$曰：臣为$郎$时，问习&汉&家故事者@锺离生@。曰：$@王太后@$在民间时所生一女者，父为$@金王孙@$。$@王孙@$已死，$@景帝@$崩後，$@武帝@$
祖孙,素得幸$,武帝,→,049_外戚世家,@。曰：$@王太后@$在民间时所生一女者，父为$@金王孙@$。$@王孙@$已死，$@景帝@$崩後，$@武帝@$已立，$@王太后@$独在。而$@韩王孙@$名@嫣@素得幸$@武帝@$，承间白言$太后$有女
祖孙,张仪,犀首,→,070_张仪列传,惠王@曰：“善。”卒弗救。大国果伤，小国亡，=秦=兴兵而伐，大剋之。此=陈=轸之计也。  [55] @犀首@者，=魏=之阴=晋=人也，名衍，姓@公孙@氏。与@张仪@不善。  [56] @张仪@为=秦=
祖孙,庞涓,亦,→,065_孙子吴起列传,。  ## 孙@膑@受刑  [2] @孙武@既死，後%百馀%岁有@孙膑@。@膑@生=阿=鄄之间，@膑@亦@孙武@之後世子孙也。@孙膑@尝与@庞涓@俱学^兵法^。@庞涓@既事=魏=，得为@惠王@将军，而
祖孙,",假于〚上帝〛,","$时,则有若",→,034_燕召公世家,"周公@。@周公@乃称""$@汤@$时有@伊尹@,假于〚皇天〛;在$@太戊@$时,则有若@伊陟@、@臣扈@,假于〚上帝〛,@巫咸@治$王$家;在$@祖乙@$时,则有若@巫贤@;在$@武丁@$时,则有若@甘"
祖孙,、,尹更始,→,112_平津侯主父列传,"是以兴造功业,^制度^遗文,後世莫及。$@孝宣@$承统,纂脩洪业,亦讲论^六^,招选茂异,而@萧望之@、@梁丘贺@、@夏侯胜@、@韦玄成@、@严彭祖@、@尹更始@以^儒术^进,@刘向@、@王襃@以文章"
祖孙,"$曰：""",始有&宋&而嗣让$,→,047_孔子世家," [2] 青年时期  [2.1] @孔子@年%十七%，&鲁&$大夫@孟釐子@$病且死，诫其嗣$@懿子@$曰：""@孔丘@，〔圣人〕之後，灭於&宋&。其祖@弗父何@始有&宋&而嗣让$@厉公@$。及@正考父"
祖孙,$三家共攻$,平子,→,047_孔子世家,%三十五%，而$@季平子@$与$@郈昭伯@$以斗*鸡*故得罪&鲁&$@昭公@$，$@昭公@$率师击$@平子@$，$@平子@$与$@孟氏@$、$@叔孙氏@$三家共攻$@昭公@$，$@昭公@$师败，奔於&
祖孙,羊胜,出诡胜,→,108_韩长孺列传,，说之，欲请以为$内史$。@窦太后@闻，乃诏王以@安国@为$内史$。  ### [1.4] 说@孝王@出诡胜  @公孙诡@、@羊胜@说@孝王@求为帝$太子$及益地事，恐&汉&大臣不听，乃阴使人刺&汉&
祖孙,叔孙通,赵王如意,→,099_刘敬叔孙通列传,"世之要务。""  ## [6] @叔孙通@为$太子太傅$  [6.1] &汉&%九年%，$@高帝@$徙@叔孙通@为$太子太傅$。&汉&%十二年%，$@高祖@$欲以$@赵王如意@$易$太子$，@叔孙通@谏"
祖孙,汉王,汉王,→,099_刘敬叔孙通列传,$@怀王@$。$@怀王@$为$@义帝@$，徙=长沙=，@叔孙通@留事$@项王@$。&汉&%二年%，$@汉王@$从五诸侯入=彭城=，@叔孙通@降$@汉王@$。$@汉王@$败而西，因竟从&汉&。  [4.
祖孙,"谏上曰：""昔者$",$欲以$,→,099_刘敬叔孙通列传,"$  [6.1] &汉&%九年%，$@高帝@$徙@叔孙通@为$太子太傅$。&汉&%十二年%，$@高祖@$欲以$@赵王如意@$易$太子$，@叔孙通@谏上曰：""昔者$@晋献公@$以$@骊姬@$之故废$太子"
祖孙,赵,诛,→,045_韩世家,"，@贾@不听。@厥@告@赵朔@令亡。@朔@曰：""子必能不绝@赵@祀，死不恨矣。""@韩厥@许之。及@贾@诛@赵@氏，@厥@称疾不出。@程婴@、@公孙杵臼@之藏@赵@孤@赵武@也，@厥@知之。  [2.2"
祖孙,高后,赵王如意,→,096_张丞相列传,长安=%月馀%，饮*药*而死。@周昌@因谢病不〈朝见〉，%三岁%而死。  [3.4] 後%五岁%，$@高后@$闻$御史大夫$$@江邑侯赵尧@$$@高祖@$时定$@赵王如意@$之画，乃抵@尧@罪，以$@
祖孙,戾,季氏,→,033_鲁周公世家,"@久矣,为徒者众,众将合谋。""弗听。@郈氏@曰:""必杀之。""@叔孙氏@之$臣$@戾@$谓其众曰:""无@季氏@与有,孰利?""皆曰:""无@季氏@是无@叔孙氏@。""@戾@曰:""然,救@季氏@!""遂败公师。@"
祖孙,"胜,亦杀",季氏,→,033_鲁周公世家,"$@戾@$谓其众曰:""无@季氏@与有,孰利?""皆曰:""无@季氏@是无@叔孙氏@。""@戾@曰:""然,救@季氏@!""遂败公师。@孟懿子@闻@叔孙氏@胜,亦杀@郈昭伯@。@郈昭伯@为公使,故@孟氏@得之。三"
祖孙,"见公还,见",景公,→,033_鲁周公世家,"千社*待$君$。""@子家@曰:""弃@周公@之业而$臣$於&齐&,可乎?""乃止。@子家@曰:""&齐&$@景公@$无信,不如早之&晋&。""弗从。@叔孙@见公还,见@平子@,@平子@顿首。初欲迎$@昭公@$"
祖孙,林父,$使,→,037_卫康叔世家,公@$@秋@立，封@孙文子@$@林父@$於=宿=。%十二年%，@甯喜@与@孙林父@争宠相恶，$@殇公@$使@甯喜@攻@孙林父@。@林父@饹&晋&，复求入故&卫&$@献公@$。$@献公@$在&齐&，&齐
祖孙,"$为$骑将军$,$代相","$为$游击将军$,$左内史",→,111_卫将军骠骑列传," 其%明年%,&元朔&之%五年春%,&汉&令$车骑将军@青@$将三万$骑$,出=高阙=;$卫尉@苏建@$为$游击将军$,$左内史@李沮@$为$彊弩将军$,$太仆@公孙贺@$为$骑将军$,$代相@李蔡@"
祖孙,"$从$大将军$获王,以千三百户封","$庭,为麾下搏战获王,以千三百户封",→,111_卫将军骠骑列传,"王,以千五百户封@敖@为$@合骑侯@$。$都尉@韩说@$从$大将军$出=窳浑=,至~匈奴~$@右贤王@$庭,为麾下搏战获王,以千三百户封@说@为$@龙嵒侯@$。$骑将军@公孙贺@$从$大将军$获王,以"
祖孙,赵,赵,→,044_魏世家,$卒。$@中山君@$相@魏@。  ## [11] @马陵之战@  [11.1] %三十年%，@魏@伐@赵@，@赵@告急&齐&。$@齐宣王@$用@孙子@计，救@赵@击@魏@。@魏@遂大兴师，使@庞涓@将
祖孙,固谓$魏相$曰'请以,$太子,→,044_魏世家,"魏@，率五国兵攻&秦&，败之=河外=，走@蒙骜@。@魏@$太子@增@$质於&秦&，&秦&怒，欲囚@魏@$太子@增@$。或为@增@谓$秦王$曰：""@公孙喜@固谓$魏相$曰'请以@魏@疾击&秦&，$秦王$"
祖孙,田婴,田忌,→,075_孟尝君列传,忌@。@田忌@惧，袭=齐=之边邑，不胜，亡走。会@威王@卒，@宣王@立，知@成侯@卖@田忌@，乃复召@田忌@以为将。@宣王@%二年%，@田忌@与@孙膑@、@田婴@俱伐=魏=，败之*马*陵，虏=魏=太子
联盟,$、,信,↔,092_淮阴侯列传,"=，遂东追@广@至=高密=西。&楚&亦使@龙且@将，号称二十万，救&齐&。  [8.3] $@齐王广@$、@龙且@并军与@信@战，未合。人或说@龙且@曰：""&汉&兵远斗穷战，其锋不可当。&齐&、&楚&"
联盟,晋厉公,秦桓公,↔,005_秦本纪,郑&，北败&晋&兵於=河=上。当是之时，&楚&霸，为〈会盟〉合诸侯。  [36.2] %二十四年%，@晋厉公@初立，与@秦桓公@夹=河=而盟。归而&秦&倍盟，与~翟~合谋击&晋&。  [36.3] %
联盟,景公,平公,↔,005_秦本纪,，败&秦&军。&秦&军走，&晋&兵追之，遂渡=泾=，至=棫林=而还。  [37.3] %二十七年%，@景公@如&晋&，与@平公@盟，已而背之。  [37.4] %三十六年%，&楚&@公子围@弑其君而自
联盟,晋侯,郑伯,↔,039_晋世家,晋&师还至=衡雍=，作王宫于=践土=。  [61.69] 初，&郑&助&楚&，&楚&败，惧，使人请盟@晋侯@。@晋侯@与@郑伯@盟。   ## @践土受命为伯@  [62.70] %五月%%丁未%，献
联盟,穰苴,庄贾,↔,064_司马穰苴列传,"附，百姓不信，人微权轻，原得君之$宠臣$，国之所尊，以监军，乃可。""於是@景公@许之，使@庄贾@往。@穰苴@既辞，与@庄贾@约曰：""旦日%日中%会於军门。""@穰苴@先驰至军，立表下漏待贾。贾素骄贵，以"
联盟,陈豨,韩信,↔,110_匈奴列传,1] 是後$韩王$@信@为~匈奴~将，及@赵利@、@王黄@等数倍约，侵盗&代&、=云中=。居无几何，@陈豨@反，又与@韩信@合谋击&代&。&汉&使@樊哙@往击之，复拔&代&、=雁门=、=云中=郡县，不
联盟,安国君,夫人,↔,085_吕不韦列传,"贤,来往者皆称誉之。乃因涕泣曰:""妾幸得充後宫,不幸无子,原得$@子楚@$立以为適嗣,以讬妾身。""$@安国君@$许之,乃与@夫人@刻*玉符*,约以为適嗣。$@安国君@$及@夫人@因厚餽遗$@子楚@$,"
联盟,屈完,桓公,↔,040_楚世家,齐桓公侵楚@  [16.19] %十六年%，@齐桓公@以兵侵&楚&，至=陉山=。@楚成王@使$将军$@屈完@以兵御之，与@桓公@盟。@桓公@数以&周&之赋不入王室，&楚&许之，乃去。  ## 伐许灭英
联盟,叔梁纥,颜氏,↔,047_孔子世家,.1] @孔子@生&鲁&=昌平乡陬邑=。其先&宋&人也，曰@孔防叔@。@防叔@生@伯夏@，@伯夏@生@叔梁纥@。@纥@与@颜氏@女野合而生@孔子@，祷於=尼丘=得@孔子@。&鲁&$@襄公@$%二十二年
背叛,恽,庄敖,→,040_楚世家,%，伐&邓&，灭之。%十三年%，卒，子@熊畑@立，是为@庄敖@。@庄敖@%五年%，欲杀其弟@熊恽@，@恽@奔&随&，与&随&袭弑@庄敖@代立，是为@成王@。  ## @成王布德千里@  [15.18]
背叛,厉公,胡公,→,013_三代世表,  |  @武侯@  |  孝伯  |    | |  [r7] @孝王@方，@懿王@弟。  |  @厉公@  |  @献公@弑@胡公@。  |    |  @秦侯@  |  熊无康  |  @厉公@
背叛,睔,言归,→,042_郑世家,2] 讼不直，&楚&囚@睔@。  [29.3] 於是$郑悼公$来与&晋&平，遂亲。  [29.4] @睔@私於$楚子反$，@子反@言归@睔@於&郑&。  [29.5] %二年%，&楚&伐&郑&，&晋&
背叛,鲁公子庆父,湣公,→,032_齐太公世家,侯闻之，皆从=齐=。  [33] %二十七年%，@鲁湣公@母曰@哀姜@，@桓公@女弟也。@哀姜@淫於@鲁公子庆父@，@庆父@弑@湣公@，@哀姜@欲立@庆父@，~鲁人~更立@釐公@。@桓公@召@哀姜@，
背叛,"$发府,见",周公,→,033_鲁周公世家,"亦藏其策於府。$@成王@$病有瘳。及$@成王@$用@事@,人或谮@周公@,@周公@奔&楚&。$@成王@$发府,见@周公@祷书,乃泣,反@周公@。@周公@归,恐$@成王@$壮,治有所淫佚,乃作^多士^,"
背叛,畏,魏,→,044_魏世家,成=，出入赋之，是@魏@重质@韩@以其=上党=也。今有其赋，足以富国。@韩@必德@魏@爱@魏@重@魏@畏@魏@，@韩@必不敢反@魏@，是@韩@则@魏@之县也。@魏@得@韩@以为县，&卫&、=大梁=、=
背叛,王僚,王僚,→,031_吴太伯世家,23.8] @公子光@详为足疾，入于*窟室*，使@专诸@置*匕首*於*炙鱼*之中以进食。手*匕首*刺@王僚@，*铍*交於匈，遂弑@王僚@。  [23.9] @公子光@竟代立为$王$，是为@吴王阖庐@。
辅佐,赵夙,文,→,130_太史公自序,王@，作郑〔世家〕第十二。  ## [62] 赵世家 [62.1] 维〘骥〙〘騄耳〙，乃章@造父@。@赵夙@事@献@，衰续厥绪。佐@文@尊王，卒为&晋&辅。@襄子@困辱，乃禽@智伯@。@主父@生缚，饿
辅佐,吕氏,高祖,→,019_惠景间侯者年表,  |    |    | |  [r5] 郊  |  @吕后@兄@悼武王@身佐@高祖@定〔天下〕，@吕氏@佐@高祖@治〔天下〕，〔天下〕大安，封@武王@少@子产@为郊侯。  |    |  五。$元
辅佐,"何如人哉？""","曰：""使",→,120_汲郑列传,"  [3] @黯@多病，病且满%三月%，上常赐告者数，终不愈。最後病，@庄助@为请告。上曰：""@汲黯@何如人哉？""@助@曰：""使@黯@任职居官，无以逾人。然至其辅$少主$，守城深坚，招之不来，麾之不去"
辅佐,益遣$长史$,章邯,→,006_秦始皇本纪,乃【大赦】〔天下〕，使@章邯@将，击破@周章@军而走，遂杀@章@=曹阳=。  [100.5] @二世@益遣$长史$@司马欣@、@董翳@佐@章邯@击盗，杀@陈胜@=城父=，破@项梁@=定陶=，灭@魏咎@
辅佐,闳夭,成王,→,079_范睢蔡泽列传, [32] @蔡泽@少得间，因曰：“夫=商=君、@吴起@、$大夫$种，其为$人臣$尽忠致功则可原矣，@闳夭@事@文王@，=周=公辅@成王@也，岂不亦忠圣乎？以君臣论之，=商=君、@吴起@、$大夫$种其
辅佐,赵,赵,→,046_田敬仲完世家,@、@魏@共攻&秦&，至=函谷=军焉。%二十八年%，&秦&与@韩@=河外=以和，兵罢。%二十九年%，@赵@杀其$主父$。&齐&佐@赵@灭&中山&。  ## [22] @苏代@谏帝号  [22.1] %
辅佐,周殷,刘贾,→,051_荆燕世家,汉%五年%，汉$王$追@项籍@至=固陵=，使@刘贾@南渡淮围=寿春=。还至，使人间招=楚=$大司马$@周殷@。@周殷@反=楚=，佐@刘贾@举=九江=，迎@武王@黥*布*兵，皆会=垓下=，共击@项籍@。
辅佐,范吉射,秦,→,043_赵世家,"，诸君欲谁立？""遂杀@午@。@赵稷@、@涉宾@以=邯郸=反。&晋&君使@籍秦@围=邯郸=。@荀寅@、@范吉射@与@午@善，不肯助@秦@而谋作乱，@董安于@知之。%十月%，@范@、@中行@氏伐$@赵鞅@"
辅佐,厓季,成王,→,035_管蔡世家,@卫康叔@。封@季载@於=厓=。@厓季@、@康叔@皆有驯行，於是@周公@举@康叔@为&周&$司寇$，@厓季@为&周&$司空$，以佐@成王@治，皆有令名於〔天下〕。  ## @蔡仲@改行复封于蔡  [4
辅佐,、,、,→,112_平津侯主父列传,",推贤则@韩安国@、@郑当时@,定令则@赵禹@、@张汤@,文章则@司马迁@、@相如@,滑稽则@东方朔@、@枚皋@,应对则@严助@、@硃买臣@,历数则@唐都@、@落下闳@,协^律^则@李延年@,运筹则@"
