所属国,类型,名,谥号,别名,父亲,上一任,下一任,出生年,死亡年,登基年,退位年,备注
上古,天子/皇帝,轩辕,黄帝,公孙轩辕,少典,,帝颛顼,,-2599,-2698,-2599,姓公孙，名轩辕。001-001即位，001-009崩逝于桥山，葬桥山，孙高阳立。
上古,天子/皇帝,高阳,帝颛顼,,昌意（黄帝次子）,黄帝,帝喾,,-2437,-2514,-2437,黄帝之孙、昌意之子。001-010即位，001-012崩，玄嚣之孙高辛（帝喾）立。
上古,天子/皇帝,高辛,帝喾,,玄嚣（黄帝长子）之孙,帝颛顼,帝挚,,-2367,-2437,-2367,黄帝曾孙、玄嚣之孙。001-012即位，001-014崩。生放勋（尧）和挚。
上古,天子/皇帝,挚,帝挚,,帝喾（母为娵訾氏之女）,帝喾,帝尧,,,-2366,-2357,帝喾之子。001-015即位，治理不善让位给弟放勋（帝尧）。
上古,天子/皇帝,放勋,唐尧,帝尧,帝喾（母为陈锋氏之女）,帝挚,帝舜,,-2259,-2357,-2259,帝喾之子。001-016即位，001-031崩，在位约七十年，摄政二十八年让舜。
上古,天子/皇帝,重华,虞舜,帝舜,瞽叟,帝尧,夏禹,-2317,-2217,-2256,-2217,001-025摄政，001-033践天子位。在位三十九年，崩于苍梧之野（江南九疑）。年二十以孝闻，六十一践帝位。
东周,天子/皇帝,宜臼,平王,周平王,幽王,幽王,桓王,,,-770,,004-046平王东迁雒邑（前770年），开始东周时代。
东周,天子/皇帝,,桓王,周桓王,,平王,庄王,,,-719,,004-047桓王十三年伐郑受伤（前707年）。
东周,天子/皇帝,佗,庄王,周庄王,,桓王,釐王,,,-696,,004-048庄王诛周公黑肩（前694年）。
东周,天子/皇帝,胡齐,釐王,周釐王|周惠王的前任,,庄王,惠王,,,-681,,004-049釐王三年（前679年）齐桓公始霸。
东周,天子/皇帝,阆,惠王,周惠王,,釐王,襄王,,,-676,-652,004-050惠王之乱（前675年-前673年），004-051惠王十年赐齐桓公伯（前667年）。
东周,天子/皇帝,郑,襄王,周襄王,惠王,惠王,顷王,,-619,-651,-619,004-052襄王避叔带之乱（前649-前635年），004-053晋文公召王河阳（前632年）。
东周,天子/皇帝,壬臣,顷王,周顷王,襄王,襄王,匡王,,,-618,,004-054顷王壬臣立（前619年）。
东周,天子/皇帝,班,匡王,,顷王,顷王,定王,,-607,-612,-607,014表格，前612—前607年在位
东周,天子/皇帝,瑜,定王,,匡王,匡王,简王,,-586,-606,-586,014表格，前606—前586年在位
东周,天子/皇帝,夷,简王,,定王,定王,灵王,,-572,-585,-572,014表格，前585—前572年在位
东周,天子/皇帝,泄心,灵王,,简王,简王,景王,,-545,-571,-545,014表格，前571—前545年在位
东周,天子/皇帝,贵,景王,周景王,,,悼王/敬王,,,-544,-520,004-058景王二十年立嗣之争（前525年），景王崩后悼王/敬王之争。
东周,天子/皇帝,猛,悼王,,景王,景王,敬王,,-519,-520,-519,在位仅数月，前520年，史称王子朝之乱
东周,天子/皇帝,匄,敬王,,景王,悼王,元王,,-477,-519,-477,014表格，前519—前477年在位
东周,天子/皇帝,仁,元王,,敬王,敬王,定王,,-469,-476,-469,015表格，前476—前469年在位，六国年表起始
东周,天子/皇帝,,贞定王,,,,,,,-468,,015表格，前468—前441年在位
东周,天子/皇帝,,哀王,,定王,定王（贞定王）,思王,,-441,-441,-441,前441年在位仅三月，为弟思王所杀
东周,天子/皇帝,,思王,,定王,哀王,考王,,-441,-441,-441,前441年在位仅五月，为弟考王所杀
东周,天子/皇帝,午,威烈王,周威烈王,,,,,,-425,-402,004-065威烈王二十三年（前403年）命三晋为侯。
东周,天子/皇帝,,赧王,王赧|周赧王,,,,,-256,-314,-256,004-076秦灭西周（前256年），004-077周亡九鼎入秦。赧王崩，周绝祀。
东越,诸侯王,馀善,东越王（自称武帝）,余善,郢弟,越繇王丑,,,-110,-135,-110,114-004馀善杀郢首降汉，汉立为东越王。元鼎六年秋反汉，刻武帝玺自立。元封元年冬繇王居股杀馀善降汉，东越灭。
东越（东瓯）,诸侯王,摇,东海王（东瓯王）,驺摇,越王句践后裔,,,,,-192,,114-000孝惠三年立摇为东海王，都东瓯，世俗号为东瓯王。建元三年为闽越所围，举国徙江淮之间。
中山国,汉诸侯王,刘昌,中山哀王,,刘胜（中山靖王）,中山靖王,中山王（刘昆侈）,,,,,059五宗世家。中山靖王胜子，立一年卒。
中山国,汉诸侯王,刘昆侈,,,刘昌（中山哀王）,中山哀王,,,,,,059五宗世家。中山哀王昌子，代为中山王。谥号史记未载。
中山国,汉诸侯王,刘胜,中山靖王,,景帝刘启,,（后嗣）,,-112,-154,,
临江国,汉诸侯王,刘阏于,临江哀王,,景帝刘启,,临江闵王刘荣,,-153,-155,-153,
临江国,汉诸侯王,刘荣,临江闵王,废太子荣,景帝刘启,临江哀王刘阏于,,,-148,-150,-148,
临江（共敖）,诸侯王,共敖,临江王,,,,临江哀王共尉,,-205,-206,-205,016表。前206年项羽封故楚柱国共敖为临江王，都江陵。前205年共敖死。见016-074。
临菑,诸侯王,田都,王,,,,,,,-206,,016表格提取
代国,汉诸侯王,刘登,代共王,,刘参（代孝王）,代孝王,代王（刘义）,,,,,058梁孝王世家。代孝王参子，立二十九年，元光二年卒，谥为共王。
代国,汉诸侯王,刘义,代王（后徙清河）,,刘登（代共王）,代共王,,,,,,058梁孝王世家。代共王登子，立十九年，汉广关，以常山为限，徙代王王清河（元鼎三年）。（注意：徙后改为清河王，与景帝子清河哀王刘乘为不同人）
代国,汉诸侯王,刘参,代王（文帝子）,,文帝刘恒,,（后嗣）,,,-178,,
代（陈余）,诸侯王,陈余,代王,成安君,,,,,-204,-205,-204,016表。前205年楚怀王令歇以陈余为代王（故成安君）。前204年汉将韩信斩陈余。
六安国,汉诸侯王,刘庆,六安王,,胶东康王刘寄,,（后嗣）,,,-121,,
匈奴,单于,头曼,匈奴单于头曼,,,,冒顿单于,,-209,,-209,110-5.1秦时匈奴单于曰头曼，头曼不胜秦，北徙。太子冒顿质于月氏后，冒顿杀父头曼自立为单于（约前209年）。
匈奴,单于,冒顿,匈奴冒顿单于,,头曼单于,头曼单于,老上单于稽粥,,-174,-209,-174,110-5.3冒顿杀父头曼自立为单于（约前209年）。灭东胡，逐月氏，并楼烦、白羊河南王，控弦三十余万。白登围汉高祖（前200年）。约前174年死，子稽粥立。
匈奴,单于,稽粥,老上单于,老上稽粥单于,冒顿单于,冒顿单于,军臣单于,,-160,-174,-160,110-17.1冒顿死，子稽粥立，号曰老上单于。孝文帝遣宗室女公主为阏氏，中行说降匈奴。文帝十四年以十四万骑入朔方。约前160年死，子军臣立。
匈奴,单于,军臣,匈奴军臣单于,,老上单于稽粥,老上单于稽粥,伊稚斜单于,,-126,-160,-126,110-22.1老上稽粥死，子军臣立为单于。马邑之谋（前133年）后绝和亲，常侵汉边。约元朔二年（前127年）前死，弟左谷蠡王伊稚斜自立为单于。
匈奴,单于,伊稚斜,匈奴伊稚斜单于,,,军臣单于,乌维单于,,-114,-126,-114,110-26.1军臣单于弟左谷蠡王伊稚斜自立为单于（元朔二年前127年左右）。漠北大战（前119年）后远遁。立十三年死，子乌维立。（元鼎三年前114年）
匈奴,单于,乌维,匈奴乌维单于,,伊稚斜单于,伊稚斜单于,儿单于乌师庐,,-105,-114,-105,110-35.1伊稚斜单于立十三年死，子乌维立为单于（元鼎三年前114年）。汉南诛两越，乌维亦不侵汉边。立十岁死（约太初元年前104年前后），子乌师庐立。
匈奴,单于,乌师庐,儿单于,兒单于,乌维单于,乌维单于,呴犁湖单于,,-102,-105,-102,110-39.1乌维单于立十岁死，子乌师庐立为单于，年少号为儿单于（元封六年前105年）。左大都尉欲降汉，事泄被诛。单于欲自攻受降城，未至病死（太初三年前102年）。
匈奴,单于,呴犁湖,匈奴呴犁湖单于,,,儿单于乌师庐,且鞮侯单于,,-101,-102,-101,110-42.1儿单于立三岁死，匈奴立其季父乌维单于弟右贤王呴犁湖为单于（太初三年前102年）。立一岁死，其弟左大都尉且鞮侯立为单于。
匈奴,单于,且鞮侯,匈奴且鞮侯单于,,,呴犁湖单于,,,,-101,,110-43.1呴犁湖立一岁死，其弟左大都尉且鞮侯立为单于（太初四年前101年）。尽归汉使不降者，路充国等得归。遣中郎将苏武厚币赂遗单于。
南越,诸侯王,婴齐,南越明王,赵婴齐,南越文王赵胡,南越文王赵胡,南越王赵兴,,,,,113-006赵胡太子婴齐代立，藏先武帝玺，称明王。娶邯郸樛氏女，生子兴。元鼎四年前后。薨，谥为明王。
南越,诸侯王,兴,南越王（末王）,赵兴,南越明王赵婴齐,南越明王赵婴齐,赵建德（吕嘉所立）,,-111,,-111,113-007太子兴代立（元鼎四年前后）。太后欲内属汉，吕嘉反，杀王兴及太后，立建德为王。元鼎五年汉军平南越。
南越,诸侯王,尉佗,南越武王（武帝）,赵佗|赵尉佗,,,南越文王赵胡,,-137,-207,-137,113-000秦末自立为南越武王（前207年左右），汉十一年汉封为南越王。高后时自尊为南越武帝。文帝时去帝号称臣。建元四年（前137年）卒。
南越,诸侯王,胡,南越文王,赵胡,赵佗孙,南越武王赵佗,南越明王赵婴齐,,,-137,,113-004赵佗孙胡为南越王（文王）。元朔年间闽越攻南越，上书天子，遣太子婴齐入宿卫。胡薨，谥为文王。
南越,诸侯王,建德,南越末王,赵建德,南越明王婴齐（越妻所生）,南越王赵兴,,,-111,-111,-111,113-009吕嘉弑赵兴后立明王长男越妻子术阳侯建德为王。元鼎六年冬汉军灭南越，建德被执，南越亡。
卫,诸侯侯君,余,共伯,共伯馀,釐侯,釐侯,武公（和）,,,,,037-005。被弟和袭攻，入羡自杀
卫,诸侯侯君,,成公,卫成公,文公,文公,穆公,,,,,037-013。前632年晋文公伐卫分地，成公出奔
卫,诸侯侯君,,献公,卫献公,,,殇公（秋）,,,,-559,037-014/015。前559年被孙文子逐，奔齐，前547年晋纳献公复位
卫,诸侯侯君,,成侯,,,,嗣君,,,,-346,037-020。十六年卫更贬号曰侯（前346年）
卫,诸侯侯君,角,君角,,,元君,,,,,-209,037-021。前209年秦二世废卫君角，卫绝祀
卫,诸侯侯君,封,康叔,卫康叔,周文王,,康伯,,,-1042,,037-001/002。周公东征后封于卫，治殷遗民，后成王举为司寇
卫,诸侯侯君,,釐侯,卫釐侯,靖伯,靖伯,共伯馀,,,-854,,037-004。釐侯十三年周厉王出彘，共和行政；二十八年周宣王立；四十二年卒，太子共伯馀立。014表：841年卫釐侯十四年，推算登基年-854。
卫,诸侯侯君,和,武公,卫武公,釐侯,共伯馀,庄公,,-758,-812,-758,037-005/006。在位55年，前771年犬戎杀幽王，武公佐周平戎，被命为公
卫,诸侯侯君,扬,庄公,卫庄公,武公和,武公,桓公完,,-735,-757,-735,037-007。武公五十五年卒，子庄公扬立。五年取齐女为夫人；十八年公使州吁将；二十三年卒，太子完立（桓公）。014表：757年卫庄公杨元年。
卫,诸侯侯君,,桓公,卫桓公,庄公,庄公,宣公,,-719,-734,-719,037-007。庄公弟州吁弑桓公（前719年）
卫,诸侯侯君,晋,宣公,卫宣公,庄公,桓公（州吁杀）,惠公,,-700,-718,-700,037-007/008。石碏迎桓公弟晋立为宣公，夺太子妻
卫,诸侯侯君,朔,惠公,卫惠公,宣公,宣公,黔牟（短暂）,,,-699,-696,037-009。前696年左右公子怨之，立黔牟为君，惠公奔齐
卫,诸侯侯君,黔牟,,,,,,,,-696,,014表格提取
卫,诸侯侯君,,懿公,卫懿公,,惠公,戴公（申）,,-660,-668,-660,037-011。好鹤亡国，九年翟入杀懿公（前660年）
卫,诸侯侯君,申,戴公,,,懿公,文公,,-659,-660,-659,037-012。懿公被杀后立昭伯子申为戴公，元年卒
卫,诸侯侯君,毁,文公,卫文公,,戴公,成公,,,-658,,037-012。齐桓公立戴公弟毁为文公，筑楚丘
卫,诸侯侯君,鸱,穆公,,,,,,,-599,,014表格提取
卫,诸侯侯君,臧,定公,,,,,,,-588,,014表格提取
卫,诸侯侯君,狄,殇公,,,,,,,-558,,014表格提取
卫,诸侯侯君,恶,襄公,,,,,,,-543,,014表格提取
卫,诸侯侯君,,灵公,,,,,,,-534,,014表格提取
卫,诸侯侯君,辄,出公,卫出公,蒯聩,灵公,庄公（蒯聩）,,,-493,-480,037-017。灵公卒，立蒯聩子辄为出公；前480年孔悝之乱蒯聩归
卫,诸侯侯君,蒯聩,庄公,卫庄公,灵公,出公辄,出公辄（复）,,,-480,-477,037-018/019。孔悝之乱后蒯聩立为庄公，三年出奔
卫,诸侯侯君,君起,,,,,,,,-477,,014表格提取
卫,诸侯侯君,黔,悼公,,,,,,,-455,,015表格提取
卫,诸侯侯君,,敬公,,,,,,,-450,,015表格提取
卫,诸侯侯君,,昭公,,,,,,,-431,,015表格提取
卫,诸侯侯君,亹,悼公,,,,,,,-425,,015表格提取
卫,诸侯侯君,,慎公,,,,,,,-414,,015表格提取
卫,诸侯侯君,,声公,,,,,,,-372,,015表格提取
卫,诸侯侯君,,平侯,,,,,,,-332,,015表格提取
卫,诸侯侯君,,嗣君,,,,,,,-324,,015表格提取
卫,诸侯侯君,,怀君,,,,,,,-282,,015表格提取
卫,诸侯侯君,,元君,,,,,,,-252,,015表格提取
卫氏朝鲜,诸侯王,右渠,朝鲜王右渠,,卫满之孙（传子至孙）,卫满,,,-108,,-108,115-002右渠拒汉使涉何，袭杀涉何。元封二年汉发兵征朝鲜，元封三年夏尼谿相参使人杀右渠降汉，朝鲜为四郡。
卫氏朝鲜,诸侯王,满,朝鲜王卫满,卫满,故燕人,,右渠,,,-194,,115-000惠帝高后时卫满自燕亡命，聚众王之，都王险。辽东太守约为外臣。传子至孙右渠。
吴,诸侯侯君,仲雍,仲雍,,太王,太伯,周章,,,,,太伯弟，太伯无子传仲雍，历数世至周章
吴,诸侯侯君,周章,,,,仲雍后裔,,,,-1046,,周武王克殷后求太伯后，得周章，已为吴君，因封之
吴,诸侯王,寿梦,寿梦,王寿梦,去齐,去齐,诸樊,,-561,-585,-561,寿梦立，吴始大，称王。031-004: 公元前585年，031-007: 公元前561年卒，在位25年
吴,诸侯王,诸樊,诸樊,,寿梦,寿梦,馀祭,,-548,-560,-548,寿梦长子，031-007/031-008。按兄终弟及传馀祭
吴,诸侯王,馀祭,馀祭,王馀祭,寿梦,诸樊,馀眛,,-531,-548,-531,寿梦次子，在位17年（031-014）
吴,诸侯王,馀眛,馀眛,王馀眛,寿梦,馀祭,僚,,-527,-531,-527,"寿梦三子，在位4年（031-014, 031-015）"
吴,诸侯王,僚,僚,王僚,馀眛,馀眛,阖庐,,-515,-527,-515,馀眛之子，031-015。专诸刺王僚（031-017），公元前515年
吴,诸侯王,光,阖庐,吴王阖庐、公子光,诸樊,僚,夫差,,-496,-514,-496,031-018。公元前514年即位，前496年槜李伤亡（031-023）
吴,诸侯王,夫差,夫差,吴王夫差、太子夫差,阖庐,阖庐,,,-473,-495,-473,031-024。前495年即位，前473年越灭吴，夫差自刭（031-031）
吴国,汉诸侯王,刘濞,吴王,,刘仲（高祖兄）,荆王刘贾（荆地改立为吴）,,,-154,-195,-154,
吴（句吴）,诸侯侯君,太伯,太伯,吴太伯,太王（古公亶父）,,仲雍,,,-1100,,约公元前1100年奔荆蛮，自号句吴，为吴国开创者
周,天子/皇帝,昌,文王,西伯昌|姬昌,公季（季历）,公季,武王,-1106,-1056,-1100,-1056,004-008公季卒昌立，004-013文王在位五十年（前1056年）崩，谥文王。004-010羑里之囚，演《易》。
周,天子/皇帝,发,武王,姬发|周武王,文王,文王,成王,,-1043,-1056,-1043,004-013武王立，004-016牧野之战（前1046年），004-022武王崩（前1043年）成王立。
周,天子/皇帝,诵,成王,姬诵|周成王,武王,武王,康王,,-1021,-1043,-1021,004-022成王立（周公摄政），004-027成王崩康王立（前1021年）。
周,天子/皇帝,钊,康王,姬钊|周康王,成王,成王,昭王,,-996,-1021,-996,004-027康王立，004-028成康之治（四十余年）。
周,天子/皇帝,瑕,昭王,周昭王,康王,康王,穆王,,-977,-996,-977,004-029昭王南巡不返于江（前977年），穆王立。
周,天子/皇帝,满,穆王,周穆王,昭王,昭王,共王,,-922,-977,-922,004-029穆王立，004-030征犬戎，004-031制甫刑，004-032穆王在位五十五年（前922年）崩。
周,天子/皇帝,繄扈,共王,周共王,穆王,穆王,懿王,,-900,-922,-900,004-032共王立，004-033共王灭密（前921年）。
周,天子/皇帝,囏,懿王,周懿王,共王,共王,孝王,,,-899,,004-034懿王立（前899年）。
周,天子/皇帝,辟方,孝王,周孝王,,懿王,夷王,,,-895,,004-034孝王立（共王弟）。非子封秦附庸在周孝王时。
周,天子/皇帝,燮,夷王,周夷王,,孝王,厉王,,,-878,-878,004-034夷王立（前878年）。
周,天子/皇帝,胡,厉王,周厉王,夷王,夷王,宣王（经共和行政）,,,-878,-828,004-035厉王暴政（前848年在位三十年），004-036国人暴动（前841年）厉王出奔于彘，004-038共和行政十四年（前828年）厉王崩。
周,天子/皇帝,静,宣王,周宣王,厉王,厉王（共和）,幽王,,,-827,-782,004-039宣王即位中兴（前827年），004-040千亩之战（前789年），004-041料民太原。
周,天子/皇帝,,考王,,,,,,,-440,,015表格提取
周,天子/皇帝,,安王,,,,,,,-401,,015表格提取
周,天子/皇帝,,烈王,,,,,,,-375,,015表格提取
周,天子/皇帝,,显王,,,,,,,-368,,015表格提取
周,天子/皇帝,,慎靓王,,,,,,,-320,,015表格提取
唐（后改晋）,诸侯侯君,虞,唐叔虞,叔虞,武王,,晋侯燮,,,-1040,,039-001/002。武王子成王弟，封于唐
商（殷）,天子/皇帝,天乙,成汤,汤|武汤,主癸,,外丙,,-1587,-1600,-1587,003-009汤践天子位，003-012汤崩。契至汤十四世。在位后十七年灭夏，又十三年死（约前1587年）。
商（殷）,天子/皇帝,,外丙,,汤,成汤,中壬,,,-1587,-1584,003-012汤崩后太丁未立即卒，外丙立，在位三年崩。
商（殷）,天子/皇帝,,中壬,,汤,外丙,太甲,,,-1584,-1580,003-012外丙崩，中壬立，在位四年崩。
商（殷）,天子/皇帝,,太甲,太宗,太丁（汤长子）,中壬,沃丁,,-1568,-1580,-1568,003-013伊尹立太甲，003-014伊尹放太甲于桐宫（即位三年），003-015太甲悔过复位，被称为太宗。在位约十二年。
商（殷）,天子/皇帝,,沃丁,,太宗（太甲）,太甲,太庚,,,-1568,,003-016太宗崩沃丁立，伊尹卒于其时。
商（殷）,天子/皇帝,,太庚、小甲、雍己（殷道中衰诸王）,,,沃丁,太戊,,,-1530,-1490,003-017殷道中衰，沃丁崩—太庚—小甲—雍己，诸侯不朝。
商（殷）,天子/皇帝,,太戊,中宗,雍己之弟,雍己,中丁,,,-1490,-1430,003-018太戊修德复兴，被称为中宗。用伊陟、巫咸。
商（殷）,天子/皇帝,,中丁,,太戊,太戊,外壬,,,-1430,,003-019中宗崩子中丁立，迁都于隞。
商（殷）,天子/皇帝,,外壬、河亶甲、祖乙、祖辛等（九世之乱诸王）,,,中丁,阳甲,,,-1400,-1300,003-020祖乙复兴，003-021九世之乱：祖辛、沃甲、祖丁、南庚、阳甲。
商（殷）,天子/皇帝,,盘庚,,,阳甲,小辛,,,-1300,-1270,003-022盘庚迁殷（前1300年），行汤之政，殷道复兴。
商（殷）,天子/皇帝,,小辛、小乙,,,盘庚,武丁,,,-1270,-1250,003-023小辛小乙传承。
商（殷）,天子/皇帝,,武丁,,小乙,小乙,祖庚,,-1192,-1250,-1192,003-024武丁得傅说，003-025修政兴殷，003-026崩（前1192年）祖庚立。
商（殷）,天子/皇帝,,祖庚、祖甲（淫乱衰落）,,武丁,武丁,廪辛,,,-1192,-1147,003-026武丁崩祖庚立，003-027祖甲淫乱衰落。
商（殷）,天子/皇帝,,廪辛、庚丁、武乙,,,祖甲,帝乙,,-1113,-1147,-1113,003-028殷复迁河北，003-029武乙射天暴死（前1113年）。
商（殷）,天子/皇帝,,帝乙,,武乙,武乙,帝纣,,,-1113,-1080,003-030帝乙立，欲立长子微子启但以生时母贱故立少子辛（纣）为嗣。
商（殷）,天子/皇帝,辛,帝纣,纣王|商纣,帝乙,帝乙,,,-1046,-1080,-1046,003-031纣王暴政，003-040牧野之战（前1046年），003-017纣自焚于鹿台而死。
城阳国,汉诸侯王,刘喜,城阳共王,,刘章（城阳景王）,城阳景王,城阳顷王,,,,,052齐悼惠王世家。城阳景王章子，立八年，徙王淮南，四年，复还王城阳，凡三十三年卒。
城阳国,汉诸侯王,刘延,城阳顷王,,刘喜（城阳共王）,城阳共王,城阳敬王,,,,,052齐悼惠王世家。城阳共王喜子，立二十年卒。
城阳国,汉诸侯王,刘义,城阳敬王,,刘延（城阳顷王）,城阳顷王,城阳惠王,,,,,052齐悼惠王世家。城阳顷王延子，立九年卒。
城阳国,汉诸侯王,刘武,城阳惠王,,刘义（城阳敬王）,城阳敬王,城阳荒王,,,,,052齐悼惠王世家。城阳敬王义子，立十一年卒。（与梁孝王刘武同名，但为不同人）
城阳国,汉诸侯王,刘顺,城阳荒王,,刘武（城阳惠王）,城阳惠王,城阳戴王,,,,,052齐悼惠王世家。城阳惠王武子，立四十六年卒。
城阳国,汉诸侯王,刘恢,城阳戴王,,刘顺（城阳荒王）,城阳荒王,城阳景王（后任）,,,,,052齐悼惠王世家。城阳荒王顺子，立八年卒。
城阳国,汉诸侯王,刘章,城阳景王（初封朱虚侯）,朱虚侯,齐悼惠王刘肥,,（城阳后嗣）,,,-178,,
城阳国,汉诸侯王,刘景,城阳景王（后任）,,刘恢（城阳戴王）,城阳戴王,,,-27,-40,-27,052齐悼惠王世家。城阳戴王恢子，至建始三年，十五岁，卒（建始三年=前30年，但登基年约推算自父卒后）。注意与城阳景王刘章（首代）区分。
塞,诸侯王,司马欣,塞王,,,,,,-205,-206,-206,016表。前206年项羽封故秦将司马欣为塞王，都栎阳。前206年欣降汉，国除。
夏,天子/皇帝,文命,夏禹,大禹|伯禹,鲧,帝舜,夏后帝启,,-2061,-2070,-2061,鲧之子，帝颛顼之孙。002-025即天子位，002-028东巡崩于会稽，在位约十年。
夏,天子/皇帝,启,夏后帝启,,禹,益（禅让）,帝太康,,-2000,-2058,-2000,002-029益让启即位，002-033启崩太康立。
夏,天子/皇帝,太康,帝太康,,启,帝启,帝中康,,,-2000,-1980,002-033启崩太康立，002-034太康失国（洛汭）。
夏,天子/皇帝,中康,帝中康,,,帝太康,帝相,,,-1980,,002-035中康立。
夏,天子/皇帝,,帝相至帝廑（中期诸王）,,,帝中康,帝孔甲,,,-1850,-1700,002-036夏朝中期世系，帝相至帝廑数代。
夏,天子/皇帝,孔甲,帝孔甲,,,,帝皋,,,-1700,-1650,002-037孔甲立德衰。002-038刘累豢龙事件。
夏,天子/皇帝,履癸,夏桀,桀,帝发,帝发,,,-1600,-1650,-1600,002-039孔甲崩至桀立：帝皋-帝发-履癸（桀）。002-042汤伐桀于鸣条，002-043桀走鸣条放死。
夜郎,诸侯王,多同,夜郎侯（夜郎王）,夜郎侯多同,,,,,,,,116-002建元六年唐蒙入夜郎见夜郎侯多同，喻以威德，约为置吏。116-006南越反后，夜郎遂入朝，上以为夜郎王。
宋,诸侯侯君,,湣公,宋湣公（宋闵公）,庄公,庄公,桓公（御说）,,-682,,-682,038-011。十一年南宫万弑湣公于蒙泽（前682年）
宋,诸侯侯君,御说,桓公,宋桓公,,公子游（短暂）,襄公,,,,,038-011。诸公子击杀南宫牛、公子游立御说为桓公
宋,诸侯侯君,,襄公,宋襄公,桓公,桓公,成公,,-637,,-637,038-012/013。泓之战败于楚（前638年），伤股，次年卒
宋,诸侯侯君,开,微子,微子开,帝乙,,微仲衍,,,-1040,,038-007。周公命微子开代殷后，国于宋。纣庶兄，仁贤
宋,诸侯侯君,鲒,惠公,,,,,,,-830,,014表格提取
宋,诸侯侯君,,戴公,,,,,,,-799,,014表格提取
宋,诸侯侯君,,哀公,宋哀公,惠公琤,惠公,戴公,,-799,-799,-799,038-007。惠公卒，子哀公立；哀公元年卒，子戴公立。在位仅一年。014表：800年宋惠公薨，799年宋戴公立。哀公在位800-799年。
宋,诸侯侯君,司空,武公,,,,,,,-765,,014表格提取
宋,诸侯侯君,,宣公,,,,穆公,,-720,-747,-720,038-009。十九年病，让弟和（穆公）
宋,诸侯侯君,和,穆公,,,宣公,殇公与夷,,-720,-720,-720,038-009。九年病，遗命立与夷；使冯出居郑
宋,诸侯侯君,与夷,殇公,,宣公,穆公,庄公,,-710,-719,-710,038-010。前710年华督弑殇公
宋,诸侯侯君,冯,庄公,,穆公,殇公,湣公,,,-710,,038-010。华督迎穆公子冯于郑立为庄公
宋,诸侯王,王臣,成公,,,,,,,-636,,014表格提取。宋成公，名王臣。
宋,诸侯侯君,杵臼,昭公,,,,,,,-619,,014表格提取
宋,诸侯侯君,,文公,,,昭公（被杀）,共公,,,-611,,038-015。昭公弟鲍革，襄公夫人助立，前611年即位
宋,诸侯侯君,瑕,共公,,,,,,,-588,,014表格提取
宋,诸侯侯君,成,平公,,,,,,,-575,,014表格提取
宋,诸侯侯君,佐,元公,,,,,,,-531,,014表格提取
宋,诸侯侯君,,景公,宋景公,,,昭公（后昭）,,-469,-516,-469,038-016/017。在位64年，前516-前469年
宋,诸侯侯君,,昭公,,,,,,,-450,,015表格提取
宋,诸侯侯君,,悼公,,,,,,,-403,,015表格提取
宋,诸侯侯君,,休公,,,,,,,-395,,015表格提取
宋,诸侯侯君,,辟公,,,,,,,-372,,015表格提取
宋,诸侯侯君,剔成,,,,,,,,-369,,015表格提取
宋,诸侯王,,王偃,宋康王、宋王偃,,剔成（兄，被袭）,,,-286,-329,-286,038-018/019。前318年自立为王，前286年齐湣王与魏楚灭宋
山阳国,汉诸侯王,刘定,山阳哀王,,梁孝王刘武,,,,-136,-144,-136,
常山,诸侯王,张耳,常山王,,,赵王歇（常山王）,,,-202,-206,-202,016表。前206年项羽封张耳为常山王，都襄国。前205年耳降汉。前202年薨，子敖立为赵王（汉诸侯王）。（注：常山宪王张敖已收录，张耳本人未收录。）
常山国,汉诸侯王,刘舜,常山宪王,,景帝刘启,,常山王刘勃,,-113,-145,,
常山国,汉诸侯王,刘勃（常山王）,（废，无谥）,,常山宪王刘舜,常山宪王刘舜,,,,-113,-113,
广川国,汉诸侯王,刘齐,,,刘越（广川惠王）,广川惠王,,,,,,059五宗世家。广川惠王越子，立为广川王。有幸臣桑距，后距上书告王齐与同产奸，王齐数上书告汉公卿。谥号史记未载。
广川国,汉诸侯王,刘越,广川惠王,,景帝刘启,,广川王刘齐,,-136,-148,,
广阳国,汉诸侯王,刘建,广阳王,,刘旦（燕王）,,,,,-73,,060三王世家（褚先生曰）。燕王旦故太子，宣帝本始元年（前73年）立为广阳王，以奉燕王祭祀。（与菑川靖王刘建、江都王刘建同名，为不同人）
广陵国,汉诸侯王,刘胥,（广陵王，祝诅自杀，无谥）,,武帝刘彻,,,,-54,-117,-54,
张楚（陈）,诸侯王,胜,楚隐王,陈胜|陈涉,,,楚王景驹,,-208,-209,-208,016表。前209年七月阳城人陈胜（字涉）起兵，自立为楚王，国号张楚，都陈。前208年十二月死。
徐,诸侯王,,偃王,徐偃王,,,,,,,,周穆王时作乱，造父御周穆王，日驰千里平乱。见秦本纪005-004、赵世家043-001。
徐,诸侯侯君,,徐君,,,,,,-544,,,季札出使路经徐国，好季札宝剑不敢言。季札归途至徐，徐君已死，解剑系于冢树。约前544年卒。见吴太伯世家031-011。
息,诸侯侯君,,息侯,,,,,,,,,楚文王时，请楚伐蔡，蔡哀侯被虏。约前684年活动。见管蔡世家035-006。息国后被楚灭。
晋,诸侯侯君,,景公,晋景公,,成公,厉公,,,,,039-028/030。前583年赵氏复位（景公十七年）
晋,诸侯侯君,,静公,晋静公,,,,,,,-376,039-040。前376年魏武侯、韩哀侯、赵敬侯废静公，晋绝祀
晋,诸侯侯君,宜臼,靖侯,晋靖侯,厉侯福,厉侯,厘侯司徒,,,-858,-840,039-002。靖侯已来年纪可推，自唐叔至靖侯五世。014表：841年靖侯宜臼十八年，推算登基年-858。十七年周厉王奔彘（共和元年-841）。
晋,诸侯侯君,司徒,厘侯,,,,,,,-840,,014表格提取
晋,诸侯侯君,籍,献侯,,,,,,,-822,,014表格提取
晋,诸侯侯君,弗生,穆侯,晋穆侯,献侯籍,献侯,殇叔（弟，篡位）,,-785,-811,-785,039-003。四年取齐女姜氏为夫人；七年伐条生太子仇；十年伐千亩生少子成师；二十七年卒，弟殇叔自立。014表：811年穆侯弗生元年。
晋,诸侯侯君,殇叔,,,,,,,,-784,,014表格提取
晋,诸侯侯君,仇,文侯,,,,,,,-780,,014表格提取
晋,诸侯侯君,,昭侯,,文侯仇,文侯,孝侯,,-739,-745,-739,039-006。元年封文侯弟成师于曲沃；七年潘父弑昭侯
晋,诸侯侯君,平,孝侯,晋孝侯,昭侯伯,昭侯（被潘父弑）,鄂侯却,,-724,-739,-724,039-006。潘父弑昭侯迎桓叔不克，晋人立昭侯子平为孝侯，诛潘父。十五年曲沃庄伯弑孝侯于翼，晋人立孝侯子郄为鄂侯。014表：739年孝侯元年（昭侯子立）。
晋,诸侯侯君,却,鄂侯,,,,,,,-723,,014表格提取
晋,诸侯侯君,光,哀侯,,,,,,,-717,,014表格提取
晋,诸侯侯君,,小子,,,,,,,-709,,014表格提取
晋,诸侯侯君,侯湣,,,,,,,,-706,,014表格提取
晋,诸侯侯君,称,武公,晋武公,曲沃庄伯,晋侯湣（被武公灭）,献公诡诸,,-677,-678,-677,039-008/009。曲沃武公伐晋侯湣灭之，以宝器赂献周釐王；釐王命武公为晋君，尽并晋地。更号曰晋武公，前即位曲沃通年三十九年。014表：678年晋武公称并晋。
晋,诸侯侯君,,献公,晋献公,武公,晋侯缗（被武公灭）,奚齐（短暂）,,-651,-676,-651,039-009-015。曲沃武公并晋，传子献公；伐骊戎、假虞灭虢，骊姬乱政
晋,诸侯侯君,夷吾,惠公,晋惠公,献公,献公,怀公（子圉，短暂）,,-637,-650,-637,039-016/017。背秦约杀里克，前645年韩原战被虏
晋,诸侯侯君,重耳,文公,晋文公,献公,怀公（子圉，被杀）,襄公,,-628,-636,-628,039-018/019/022/023。流亡19年，前636年入晋即位，前632年城濮之战，春秋霸主
晋,诸侯侯君,,襄公,晋襄公,文公,文公,灵公,,-621,-627,-621,039-024。前627年殽之战败秦
晋,诸侯侯君,,灵公,晋灵公,,襄公,成公,,-607,-620,-607,039-026。侈暴，前607年赵穿弑灵公
晋,诸侯侯君,,成公,,,灵公,景公,,,-606,,039-026。赵穿迎成公即位
晋,诸侯侯君,,厉公,晋厉公,,景公,悼公,,-573,-580,-573,039-031/032。前575年鄢陵之战，前573年被栾书、中行偃杀
晋,诸侯侯君,,悼公,晋悼公,,厉公,平公,,,-572,,039-033/034。前572年即位施德，前569年魏绛和戎
晋,诸侯侯君,彪,平公,,,,,,,-557,,014表格提取
晋,诸侯侯君,去疾,顷公,,,,,,,-525,,014表格提取
晋,诸侯侯君,午,定公,,,,,,,-511,,014表格提取
晋,诸侯侯君,错,出公,,,,,,,-474,,015表格提取
晋,诸侯侯君,忌,哀公,,,,,,,-456,,015表格提取
晋,诸侯侯君,柳,幽公,,,,,,,-437,,015表格提取
晋,诸侯侯君,止,烈公,,,,,,,-419,,015表格提取
晋,诸侯侯君,倾,孝公,,,,,,,-392,,015表格提取
曹,诸侯侯君,,共公,曹共公,,,,,,,,035-015。前632年晋文公虏共公，后复归
曹,诸侯侯君,,悼公,,,,声公,,,,,035-016。八年朝宋，被宋囚；曹立弟野为声公
曹,诸侯侯君,阳,伯阳,,,靖公,,,-487,,-487,035-017。宠公孙彊，宋灭曹（前487年），曹遂绝祀
曹,诸侯侯君,振铎,曹叔,曹叔振铎,周文王,,太伯脾,,,-1046,,035-013。武王封于曹
曹,诸侯侯君,喜,夷伯,曹夷伯,孝伯云,孝伯云,幽伯彊,,,-864,-834,035-013。孝伯云卒，子夷伯喜立；夷伯二十三年周厉王奔于彘（-841年）。014表：841年曹夷伯二十四年，推算登基年-864；834年曹幽伯彊元年，故退位年-834。
曹,诸侯侯君,彊,幽伯,,,,,,,-834,,014表格提取
曹,诸侯侯君,鲜,戴伯,,,,,,,-825,,014表格提取
曹,诸侯侯君,雉,惠伯,,,,,,,-795,,014表格提取
曹,诸侯侯君,,穆公,,,,,,,-759,,014表格提取
曹,诸侯侯君,终生,桓公,,,,,,,-756,,014表格提取
曹,诸侯侯君,射姑,庄公,,,,,,,-701,,014表格提取
曹,诸侯侯君,夷,厘公,,,,,,,-670,,014表格提取
曹,诸侯侯君,,昭公,,,,,,,-661,,014表格提取
曹,诸侯侯君,寿,文公,,,,,,,-617,,014表格提取
曹,诸侯侯君,庐,宣公,,,,,,,-594,,014表格提取
曹,诸侯侯君,负刍,成公,,,,,,,-577,,014表格提取
曹,诸侯侯君,胜,武公,,,,,,,-554,,014表格提取
曹,诸侯侯君,须,平公,,,,,,,-527,,014表格提取
曹,诸侯侯君,,襄公,,,,,,,-514,,014表格提取
曹,诸侯侯君,,隐公,,,,,,,-509,,014表格提取
曹,诸侯侯君,路,靖公,,,,,,,-505,,014表格提取
杞,诸侯侯君,春,简公,,,出公,,,,,-445,036-013。立一年，楚惠王四十四年（前445年）灭杞
杞,诸侯侯君,,东楼公,,,,,,,-1046,,036-012。夏后禹后苗裔，武王封于杞
梁国,汉诸侯王,刘襄,梁平王,,刘买（梁共王）,梁共王,梁王（末任）,,,,,058梁孝王世家。梁共王买子，立三十九年卒，谥为平王。（注意与齐哀王刘襄同名，为不同人）元朔中被削八城。
梁国,汉诸侯王,刘无伤,,,刘襄（梁平王）,梁平王,,,,,,058梁孝王世家。梁平王襄子，立为梁王，事迹不详，史记仅载其名。
梁国,汉诸侯王,刘胜（文帝子，梁怀王）,梁怀王,,文帝刘恒,,（梁孝王刘武接封）,,-168,-178,-168,
梁国,汉诸侯王,刘武,梁孝王,,文帝刘恒,（梁怀王刘胜卒，徙封）,梁共王刘买,,-144,-168,,
梁国,汉诸侯王,刘买,梁共王（梁平王）,梁平王刘襄,梁孝王刘武,梁孝王刘武,（后嗣）,,,-144,,
楚,诸侯侯君,,熊渠,,,,,,,,,040-003。约前880年兴兵伐庸杨粤，自称王，后畏厉王去王号
楚,诸侯侯君,绎,熊绎,,,,,,,-1040,,040-002。周成王时封于楚蛮，居丹阳
楚,诸侯侯君,熊严,,,,,,,,-837,,014表格提取
楚,诸侯侯君,熊霜,,,,,,,,-827,,014表格提取
楚,诸侯侯君,熊徇,,,,,,,,-821,,014表格提取
楚,诸侯侯君,熊鄂,,,,,,,,-799,,014表格提取
楚,诸侯侯君,若敖,,,,,,,,-790,,014表格提取
楚,诸侯侯君,霄敖,,,,,,,,-763,,014表格提取
楚,诸侯侯君,蚡冒,,,,,,,,-757,,014表格提取
楚,诸侯王,通,武王,楚武王、熊通,,,文王,,-690,-740,-690,040-004/005。前704年自立为武王，在位51年，前690年卒师中
楚,诸侯王,赀,文王,楚文王,武王,武王,庄敖（短暂）,,-675,-689,-675,040-005/006。始都郢，前684年伐蔡
楚,诸侯侯君,堵敖谡,,,,,,,,-676,,014表格提取
楚,诸侯王,恽,成王,楚成王,,庄敖（兄弟）,穆王商臣,,-626,-671,-626,040-007-011。前656年齐桓公伐楚，前638年泓之战败宋，前626年被太子商臣逼自杀
楚,诸侯王,商臣,穆王,楚穆王,成王,成王,庄王,,-613,-625,-613,040-011。前626年围成王，成王自杀，商臣立为穆王
楚,诸侯王,,庄王,楚庄王,穆王,穆王,共王,,-591,-613,-591,040-012-016。一鸣惊人，问鼎中原，围宋五月，邲之战败晋，春秋五霸之一
楚,诸侯王,,共王,楚共王,庄王,庄王,康王,,-560,-590,-560,040-017。前575年鄢陵之战被射伤目
楚,诸侯王,昭,康王,,,,,,,-559,,014表格提取
楚,诸侯侯君,熊郏敖,,,,,,,,-544,,014表格提取
楚,诸侯王,,灵王,楚灵王,,郏敖,平王弃疾,,-529,-540,-529,040-018-021。前541年弑郏敖自立，前531年灭蔡，前534年灭陈；前529年弃疾政变，灵王饥死
楚,诸侯王,弃疾,平王,楚平王,,灵王,昭王,,-516,-528,-516,040-022/023。前528年即位，复陈蔡，费无忌谗害太子建，前522年杀伍奢
楚,诸侯王,,昭王,楚昭王,平王,平王,惠王,,-489,-515,-489,040-025-030。前506年吴入郢奔随，申包胥哭秦庭，前489年昭王病卒
楚,诸侯王,,惠王,楚惠王,昭王,昭王,简王,,,-488,,040-031/032。前479年白公胜作乱，前478年灭陈，前447年灭蔡灭杞
楚,诸侯王,仲,简王,,,,,,,-431,,015表格提取
楚,诸侯王,当,声王,,,,,,,-407,,015表格提取
楚,诸侯王,类,悼王,,,,,,,-401,,015表格提取
楚,诸侯王,臧,肃王,,,,,,,-380,,015表格提取
楚,诸侯王,良夫,宣王,,,,,,,-369,,015表格提取
楚,诸侯王,熊商,威王,,,,,,,-339,,015表格提取
楚,诸侯王,,怀王,楚怀王,,,顷襄王,,-296,-328,-296,040-033-036。受张仪欺骗，前299年入秦被囚，前296年卒于秦
楚,诸侯王,,顷襄王,楚顷襄王,怀王,怀王,考烈王,,-263,-298,-263,040-037/038。前278年秦拔郢，迁都寿春
楚,诸侯王,,考烈王,楚考烈王,顷襄王,顷襄王,幽王,,,-262,,040-039。前262年即位，春申君为相；040章末附灭鲁（前256年）
楚,诸侯王,悼,幽王,,,,,,,-237,,015表格提取
楚,诸侯侯君,,负刍,楚王负刍,,,,,,-228,-223,040-040。前223年秦灭楚，王翦、蒙武虏王负刍
楚国,汉诸侯王,刘戊,,楚王戊,楚夷王刘郢,楚夷王刘郢,楚文王刘礼,,-154,,-154,
楚国,汉诸侯王,刘交,楚元王,,太上皇刘煓,,楚夷王刘郢,,-179,-201,,
楚国,汉诸侯王,刘郢,楚夷王,,楚元王刘交,楚元王刘交,楚王刘戊,,,-179,,
楚国,汉诸侯王,刘礼,楚文王,,楚元王刘交,楚王刘戊,楚安王刘道,,-151,-154,,
楚国,汉诸侯王,刘道,楚安王,,楚文王刘礼,楚文王刘礼,楚襄王刘注,,-129,-151,,
楚国,汉诸侯王,刘注,楚襄王,,楚安王刘道,楚安王刘道,楚王刘纯,,-115,-129,,
楚国,汉诸侯王,刘纯,,楚王纯,楚襄王刘注,楚襄王刘注,,,-68,-115,-68,
楚（怀王）,诸侯王,心,楚怀王（义帝）,熊心|义帝,楚怀王孙（民间）,楚王景驹,,,-205,-208,-206,016表。前208年六月项梁立楚怀王孙心为楚王，都盱台。后诸侯尊为义帝，前205年项羽使人弑义帝于江中。
楚（景驹）,诸侯王,景驹,楚王,,,楚隐王陈胜,楚怀王心,,-208,-208,-208,016表。前208年端月秦嘉立景驹为楚王，项梁击杀景驹、秦嘉，灭之。
楚（西楚）,诸侯王,籍,西楚霸王,项羽|项王,项梁之侄（项燕后代）,,,-232,-202,-206,-202,007-001生年前232年，字羽，下相人。007-037自立西楚霸王（前206年），007-065乌江自刎（前202年）。
殷,诸侯王,司马卬,殷王,,,,,,-205,-206,-205,016表。前206年项羽封故赵将司马卬为殷王，都朝歌。前205年汉击降卬，为河内郡。
汉,天子/皇帝,邦,汉高祖,刘邦|刘季|沛公|汉王,太公（刘煓）,,孝惠帝,-256,-195,-202,-195,008-001生于沛丰邑（前256年）。008-063即皇帝位（五年正月=前202年）。008-095高祖驾崩于长乐宫（十二年四月甲辰=前195年）。
汉,天子/皇帝,盈,汉孝惠帝,孝惠帝|刘盈,高祖刘邦,高祖,少帝（前少帝）,-210,-188,-195,-188,009-005太子即位（前195年），009-016孝惠帝在位七年崩（七年秋八月戊寅=前188年）。
汉,诸侯侯君,,吕后,吕娥姁、高皇后,,,,,-180,-195,-180,049-001/002。高祖正后，高祖卒（前195年）后专权，前180年崩，诸吕乱平定
汉,天子/皇帝,恭,前少帝,少帝（前）,孝惠帝（非亲生，惠帝后宫假子）,孝惠帝,后少帝,,-184,-188,-184,009-019太子即位谒高庙（前188年），009-034废少帝幽杀之（前184年），吕太后称制。
汉,天子/皇帝,弘（义）,后少帝,少帝（后）|常山王义,孝惠帝（非亲生）,前少帝,孝文帝,,-180,-184,-180,009-035立常山王义为帝（前184年五月丙辰），009-069清除少帝出宫（前180年），随后被诛。
汉,天子/皇帝,恒,汉孝文帝,文帝|刘恒|代王,高祖刘邦,后少帝,孝景帝,,-157,-180,-157,010-001高祖十一年立为代王（前196年），010-008即天子位（前180年），010-044文帝崩于未央宫（后七年六月己亥=前157年），在位约二十三年。母薄氏（薄太后）。
汉,诸侯侯君,,孝文帝（薄太后子）,代王恒,高祖,,,,,-180,,049-003/004。薄姬子，代王，前180年诸吕乱后立为孝文帝
汉,天子/皇帝,启,汉孝景帝,景帝|刘启,孝文帝,孝文帝,孝武帝,,-141,-157,-141,011-001孝景帝即位（前157年），011-012七国之乱（三年=前154年），011-051孝景帝崩（甲子=前141年）。母窦太后。
汉,诸侯侯君,,孝景帝（窦皇后子）,,孝文帝,,,,,-156,,049-005/007/008/009。窦皇后长男，前150年废栗姬子立王夫人子为太子
汉,天子/皇帝,彻,汉孝武帝,武帝|刘彻,孝景帝,孝景帝,,-156,-87,-141,-87,012-001景帝四年立为胶东王（前153年），景帝七年为太子，孝景十六年即位（前141年）。母王太后。在位约五十四年。生年据《汉书》记载为景帝元年（前156年）。
汉,诸侯王,,汉武帝（王皇后子）,彻,景帝,,,-156,,-140,,049-009-014。王夫人子，前139年得卫子夫，前130年陈皇后被废，立卫子夫为皇后，前88年杀钩弋夫人
江都国,汉诸侯王,刘非,江都易王,,景帝刘启,,江都王刘建,,-128,-152,,
江都国,汉诸侯王,刘建（江都王）,（无谥，自杀国除）,,江都易王刘非,江都易王刘非,,,-121,-128,-121,
河南,诸侯王,申阳,王,,,,,,,-206,,016表格提取
河间国,汉诸侯王,刘福,河间哀王,,刘辟彊（河间文王）,河间文王,,,,,,050楚元王世家。河间文王子，立一年卒，无子，绝后，国除，入于汉。（此河间国为文帝时第一个河间国，非景帝时重置者）
河间国,汉诸侯王,刘不害,河间共王,,刘德（河间献王）,河间献王,河间刚王,,,,,059五宗世家。河间献王德子，立四年卒。（此河间国为景帝时置，非文帝时第一个河间国）
河间国,汉诸侯王,刘基,河间刚王,,刘不害（河间共王）,河间共王,河间顷王,,,,,059五宗世家。河间共王不害子，立十二年卒。
河间国,汉诸侯王,刘授,河间顷王,,刘基（河间刚王）,河间刚王,,,,,,059五宗世家。河间刚王基子。五宗世家仅载至顷王，后事不详。
河间国,汉诸侯王,刘辟彊,河间文王,,刘友（赵幽王）,,河间哀王,,,-178,,050楚元王世家。文帝二年立，取赵之河间郡为河间王，谥文王。立十三年卒。（此河间国早于059五宗所载景帝子刘德的河间国，文帝子辟彊绝后国除，后另置）
河间国,汉诸侯王,刘德,河间献王,,景帝刘启,,（后嗣）,,-129,-155,,
泗水国,汉诸侯王,刘安世,泗水哀王,,刘商（泗水思王）,泗水思王,泗水王（刘贺）,,,,,059五宗世家。泗水思王商子，立十一年卒，无子。
泗水国,汉诸侯王,刘贺,,,刘商（泗水思王）,泗水哀王,,,,,,059五宗世家。泗水思王商子，泗水哀王安世弟，安世无子后立为泗水王。（注意与昌邑王刘贺为不同人）
泗水国,汉诸侯王,刘商（常山宪王子）,泗水王,,常山宪王刘舜,,（后嗣）,,,-113,,
济东国,汉诸侯王,刘彭离,济东王（剽杀人，废）,,梁孝王刘武,,,,-116,-144,-116,
济北,诸侯王,田安,王,,,,,,,-206,,016表格提取
济北国,汉诸侯王,刘兴居,济北王（反诛）,东牟侯,齐悼惠王刘肥,,,,-177,-178,-177,
济北国（后徙菑川）,汉诸侯王,刘志（悼惠王子）,济北王（后徙菑川）,,齐悼惠王刘肥,,,,,-164,,
济南国,汉诸侯王,刘雄渠,济南王（反诛）,,齐悼惠王刘肥,,,,-154,-164,-154,
济川国,汉诸侯王,刘明,济川王（射杀中尉，国除）,,梁孝王刘武,,,,-138,-144,-138,
济阴国,汉诸侯王,刘不识,济阴哀王,,梁孝王刘武,,,,-143,-144,-143,
淮南,诸侯王,英布,王,,,,,,,-203,,016表格提取
淮南国,汉诸侯王,刘长,淮南厉王,,高祖刘邦,,淮南王刘安,,-174,-195,-174,
淮南国,汉诸侯王,刘安,（淮南王，谋反自杀，无谥）,,淮南厉王刘长,淮南厉王刘长,,,-122,-164,-122,
清河国,汉诸侯王,刘乘,清河哀王,,景帝刘启,,,,-136,-147,-136,
滇,诸侯王,尝羌,滇王,滇王尝羌,,庄蹻,,,,,,116-004元狩元年张骞出使大夏，滇王尝羌留汉使求道西。116-008元封二年天子发兵击灭劳洸、靡莫，临滇，滇王举国降，赐滇王王印。
滇,诸侯王,庄蹻,滇王,庄王,,,尝羌,,,-279,,楚威王将军。率兵至滇池，因秦攻楚断归路，以其众王滇，变服从俗。滇国始王。见西南夷列传116-002。
燕,诸侯侯君,,惠侯,,,,釐侯,,,,,034-004。召公下九世至惠侯，当周厉王共和之时（前841年）
燕,诸侯侯君,,庄公,,,,,,,,,034-005。二十七年（前663年）山戎侵燕，齐桓公救燕
燕,诸侯侯君,召公奭,召公,召公奭,,,,,,-1046,,034-001。武王灭纣封召公奭于北燕
燕,诸侯侯君,,惠侯,燕惠侯,,,釐侯庄,,,-864,-826,034-004。召公下九世至惠侯，当周厉王共和之时（前841年）。014表：841年燕惠侯二十四年，推算登基年-864；826年燕釐侯庄元年，故退位年-826。
燕,诸侯侯君,庄,厘侯,,,,,,,-826,,014表格提取
燕,诸侯侯君,,顷侯,,,,,,,-790,,014表格提取
燕,诸侯侯君,,哀侯,,,,,,,-766,,014表格提取
燕,诸侯侯君,,郑侯,,,,,,,-764,,014表格提取
燕,诸侯侯君,,穆侯,,,,,,,-728,,014表格提取
燕,诸侯侯君,,宣侯,,,,,,,-710,,014表格提取
燕,诸侯侯君,,桓侯,,,,,,,-697,,014表格提取
燕,诸侯侯君,,襄公,,,,,,,-657,,014表格提取
燕,诸侯侯君,,桓公,,,,,,,-617,,014表格提取
燕,诸侯侯君,,宣公,,,,,,,-601,,014表格提取
燕,诸侯侯君,,昭公,,,,,,,-586,,014表格提取
燕,诸侯侯君,,武公,,,,,,,-573,,014表格提取
燕,诸侯侯君,,懿公,,,,,,,-548,,014表格提取
燕,诸侯侯君,,惠公,,,,悼公,,,-544,-535,034-006。多宠姬，大夫共诛姬宋，惠公惧奔齐，至燕而死，燕立悼公
燕,诸侯侯君,,悼公,,,,,,,-535,,014表格提取
燕,诸侯侯君,,共公,,,,,,,-528,,014表格提取
燕,诸侯侯君,,平公,,,,,,,-523,,014表格提取
燕,诸侯侯君,,简公,,,,,,,-504,,014表格提取
燕,诸侯侯君,,献公,,,,,,,-492,,014表格提取
燕,诸侯侯君,,孝公,,,,,,,-464,,015表格提取
燕,诸侯侯君,,成公,,,,,,,-449,,015表格提取
燕,诸侯侯君,,湣公,,,,,,,-433,,015表格提取
燕,诸侯侯君,,厘公,,,,,,,-402,,015表格提取
燕,诸侯侯君,,桓公,,,,,,,-372,,015表格提取
燕,诸侯侯君,,文公,,,,,,-333,-361,-333,034-008。二十八年（前334年）苏秦说文公
燕,诸侯王,,易王,,,,,,,-332,,015表格提取
燕,诸侯侯君,,哙,燕王哙,,文公,昭王,,-314,-320,-314,034-009/010。前318年禅位子之，前314年齐破燕，哙死
燕,诸侯王,平,昭王,燕昭王,哙,哙,惠王,,-279,-311,-279,034-011/012。前311年即位，前284年以乐毅伐齐大捷
燕,诸侯王,,惠王,燕惠王,昭王,昭王,,,,-279,,034-013。疑乐毅，使骑劫代将，齐田单复国
燕,诸侯王,,武成王,,,,,,,-271,,015表格提取
燕,诸侯王,,孝王,,,,,,,-257,,015表格提取
燕,诸侯王,喜,燕王喜,,,,,,-222,-254,-222,034-014/015/016。前227年荆轲刺秦，前222年秦灭燕
燕国,汉诸侯王,刘定国,,燕王定国,燕康王刘嘉,燕康王刘嘉,,,-127,,-127,
燕国,汉诸侯王,刘建（燕灵王）,燕灵王,,高祖刘邦,（卢绾叛降后接任）,（燕国除；后刘泽封燕）,,-180,-195,-180,
燕国,汉诸侯王,刘泽,燕敬王,琅邪王（曾封）,（诸刘远属，不详）,（燕灵王刘建卒后国除，后重封）,燕康王刘嘉,,-178,-180,,
燕国,汉诸侯王,刘嘉,燕康王,,燕敬王刘泽,燕敬王刘泽,燕王刘定国,,,-178,,
燕国,汉诸侯王,刘旦,（燕王，谋反自杀，无谥）,,武帝刘彻,,（广阳王刘建，宣帝时封）,,-80,-117,-80,
燕（臧荼）,诸侯王,臧荼,燕王,,,韩广,,,-202,-206,-202,016表。前206年项羽封臧荼为燕王，都蓟。汉五年卢绾为燕王，臧荼反，刘邦击灭之。
燕（韩广）→辽东,诸侯王,韩广,燕王→辽东王,,,,臧荼,,-205,-209,-206,016表。前209年九月韩广为赵略地至蓟自立为燕王。项羽分燕为二，封臧荼为燕王，韩广为辽东王。前205年臧荼击韩广于无终，灭之。
真定国,汉诸侯王,刘平（常山宪王子）,真定王,,常山宪王刘舜,,（后嗣）,,,-113,,
秦,诸侯侯君,,秦仲,,公伯,公伯,庄公,,-822,,-822,005-007秦仲伐戎战死（前822年），在位二十三年为戎所杀。周宣王时为大夫。
秦,诸侯侯君,,庄公,,秦仲,秦仲,襄公,,-778,-821,-778,005-008庄公破西戎，005-009庄公在位四十四年卒（前778年），西垂大夫，子襄公代立。
秦,诸侯侯君,,襄公,秦襄公,庄公,庄公,文公,,-766,-778,-766,005-009襄公立，005-010救周抗戎（前771年），005-011受封建国（十二年=前766年）伐戎至岐卒。
秦,诸侯侯君,,文公,秦文公,襄公,襄公,宁公（竫公之子）,,-716,-765,-716,005-012文公东迁营邑（元年=前765年），005-013初设史官（十三年=前753年），005-015制三族之罪（二十年），005-016文公在位五十年卒（前716年），葬西山，子竫公立（早卒），孙宁公立。
秦,诸侯侯君,,宁公,秦宁公,竫公（文公子）,竫公（早卒）,武公（经出子废立）,,-704,-716,-704,005-017宁公迁平阳伐荡社，005-018宁公卒出子废立之乱（前704-前698年）。
秦,诸侯侯君,,武公,秦武公,宁公,出子（废）,德公（白）,,-678,-697,-678,005-019武公诛三父（元年=前697年），005-020武公在位二十年卒（前678年），以人殉葬，弟德公立。
秦,诸侯侯君,白,德公,秦德公,宁公,武公,宣公,,-676,-677,-676,005-021德公居雍立伏祭（元年=前677年，二年卒），迁居雍城。
秦,诸侯侯君,,宣公,秦宣公,德公,德公,成公,,-664,-675,-664,005-022宣公在位（前675-前664年）。005-023战晋于河阳（四年=前672年）。
秦,诸侯侯君,,成公,秦成公,德公,宣公,缪公,,-660,-663,-660,005-022成公在位（前663-前660年）。
秦,诸侯侯君,,缪公,秦穆公|秦缪公,德公,成公,康公,,-621,-659,-621,005-024用百里傒蹇叔（五年=前655年），005-026韩原之战（十五年=前645年），005-035伐戎霸西戎，005-036缪公在位三十九年卒（前621年），以百七十七人殉葬。
秦,诸侯侯君,,康公,秦康公,缪公,缪公,共公,,-609,-620,-609,005-037康公与晋交战（元年=前620年至六年）。
秦,诸侯侯君,,共公,秦共公,康公,康公,桓公,,-604,-608,-604,005-038共公桓公世系（前608-前604年）。
秦,诸侯侯君,,桓公,秦桓公,共公,共公,景公,,-577,-603,-577,005-038桓公立，005-039桓公背盟败于晋（前580年）。
秦,诸侯侯君,,景公,秦景公,桓公,桓公,哀公,,-537,-576,-537,005-040景公与晋争战（十五年=前562年），005-043景公在位四十年卒（前537年），哀公立。
秦,诸侯侯君,,哀公,秦哀公,景公,景公,夷公,,-501,-536,-501,005-044哀公三十一年秦救楚败吴（前506年）。005-045哀公至悼公世系。
秦,诸侯侯君,,悼公,秦悼公,,惠公,厉共公,,-477,-490,-477,005-045夷公-惠公-悼公（前500-前477年）。
秦,诸侯侯君,,厉共公,秦厉共公,悼公,悼公,躁公,,-443,-476,-443,005-046厉共公十六年伐大荔拓地（前461年），005-048伐义渠（三十三年），005-049厉共公在位三十四年卒（前443年）。
秦,诸侯侯君,,躁公,秦躁公,厉共公,厉共公,怀公,,-429,-442,-429,005-050躁公在位十四年卒（前429年），弟怀公立。
秦,诸侯侯君,,怀公,秦怀公,厉共公,躁公,灵公,,-425,-428,-425,005-051怀公在位四年被庶长晁围迫自杀（前425年）。
秦,诸侯侯君,,灵公,秦灵公,,怀公,简公,,-412,-424,-412,005-052灵公六年与晋战少梁（前419年），005-053灵公在位十三年卒（前412年），简公（悼子）立。
秦,诸侯侯君,,简公,秦简公,,灵公（献公之父）,惠公,,-400,-411,-400,005-054简公六年令吏带剑筑城（前409年），005-055简公在位十六年卒（前399年），惠公立。
秦,诸侯侯君,,惠公,秦惠公,简公,简公,出子,,-387,-399,-387,005-056惠公十三年伐蜀取南郑（前387年）。
秦,诸侯侯君,,出子,秦出子,惠公,惠公,献公,,-385,-386,-385,005-057出子在位二年被庶长改所杀（前385年），献公立。
秦,诸侯侯君,,献公,秦献公,灵公,出子,孝公,,-361,-384,-361,005-058献公止从死，005-059献公城栎阳，005-064石门之战（二十一年=前364年），005-066献公在位二十四年卒（前361年），孝公立。
秦,诸侯侯君,,孝公,秦孝公,献公,献公,惠文君,-381,-338,-361,-338,005-060孝公出生（献公四年正月庚寅=前381年），005-066孝公立，005-070商鞅变法（三年=前359年），005-081孝公卒诛商鞅（前338年）。
秦,诸侯侯君,,惠文君,秦惠文王|惠王,孝公,孝公,武王,,-311,-337,-311,005-082惠文君元年即位（前337年），005-093更元（十四年=前324年）称王，005-103惠王卒武王立（前311年）。
秦,诸侯王,,武王,秦武王,惠文王,惠文王,昭襄王,,-307,-310,-307,005-104武王元年（前310年），005-107武王举鼎而死（四年八月=前307年）。
秦,诸侯王,,昭襄王,秦昭王|秦昭襄王,惠文王,武王,孝文王,,-251,-306,-251,005-108昭襄王立宣太后（前306年），005-116白起伊阙之战，005-135长平之战（四十七年=前260年），005-143昭襄王在位五十六年秋卒（前251年）。
秦,诸侯王,,孝文王,秦孝文王,昭襄王,昭襄王,庄襄王,,-250,-250,-250,005-144孝文王即位三日卒（前250年）。安国君为太子，宣太后薨（五-四十二年=前265年）。
秦,诸侯王,,庄襄王,秦庄襄王,孝文王,孝文王,秦王政（始皇）,,-247,-249,-247,005-145庄襄王元年灭东周（前249年），005-147五国击秦庄襄王卒（三年=前247年）。
秦,天子/皇帝,政,秦始皇帝,嬴政|始皇,庄襄王,庄襄王,二世皇帝,-259,-210,-247,-210,006-001生于邯郸（昭王四十八年正月=前259年），006-002秦王政即位（年十三岁=前247年），006-045议定皇帝称号（二十六年=前221年）统一天下，006-082崩于沙丘（三十七年七月丙寅=前210年）。
秦,天子/皇帝,胡亥,二世皇帝,秦二世,秦始皇,秦始皇,子婴,,-207,-210,-207,006-084胡亥即位（前210年），006-100赵高弑二世（前207年）。
秦,天子/皇帝,,子婴,秦王子婴,,二世皇帝,,,-206,-207,-206,006-101子婴立为秦王（前207年），006-102诛赵高，006-103子婴降沛公（前206年），006-104项籍灭秦子婴被杀。
箕子朝鲜,诸侯侯君,,箕子,,,,,,,-1046,,商纣王亲戚，谏纣被囚。周武王克殷后封于朝鲜，陈洪范九畴。见宋微子世家038-005。箕子朝鲜先于卫氏朝鲜。
翟,诸侯王,董翳,翟王,,,,,,-205,-206,-205,016表。前206年项羽封故秦将董翳为翟王，都高奴。前205年翳降汉，国除。
胶东,诸侯王,田市,王,,,,,,,-206,,016表格提取
胶东国（悼惠王子所封）,汉诸侯王,刘卬,胶东王（反诛）,,齐悼惠王刘肥,,,,-154,-164,-154,
胶东国（景帝子所封）,汉诸侯王,刘寄,胶东康王,,景帝刘启,,（胶东王刘贤继）,,-122,-148,,
胶东国（景帝子所封）,汉诸侯王,刘贤,胶东哀王,,刘寄（胶东康王）,胶东康王,胶东王（刘庆）,,,-122,,059五宗世家。胶东康王寄长子，母无宠，康王卒后以贤为胶东王奉康王嗣。立十四年卒，谥为哀王，子庆继位。（注意与悼惠王子胶东王刘雄渠为不同系）
胶西国（悼惠王子所封）,汉诸侯王,刘贤（悼惠王子）,胶西王（反诛）,,齐悼惠王刘肥,,,,-154,-164,-154,
胶西国（景帝子所封）,汉诸侯王,刘端,胶西于王,,景帝刘启,,,,-108,-154,-108,
荆国,汉诸侯王,刘贾,荆王,,（不详，诸刘远属）,,吴王刘濞（改封荆地为吴）,,-196,-201,-196,
菑川国,汉诸侯王,刘建,菑川靖王,,刘志（菑川懿王）,菑川懿王,菑川顷王,,,,,052齐悼惠王世家。菑川懿王志子，立二十年卒。（与燕灵王刘建、江都王刘建同名，为不同人）
菑川国,汉诸侯王,刘遗,菑川顷王,,刘建（菑川靖王）,菑川靖王,菑川思王,,,,,052齐悼惠王世家。菑川靖王建子，立三十六年卒。
菑川国,汉诸侯王,刘终古,菑川思王,,刘遗（菑川顷王）,菑川顷王,菑川孝王,,,,,052齐悼惠王世家。菑川顷王遗子，立二十八年卒。
菑川国,汉诸侯王,刘尚,菑川孝王,,刘终古（菑川思王）,菑川思王,菑川王（末任）,,,,,052齐悼惠王世家。菑川思王终古子，立五年卒。
菑川国,汉诸侯王,刘横,,,刘尚（菑川孝王）,菑川孝王,,,-27,,-27,052齐悼惠王世家。菑川孝王尚子，至建始三年，十一岁，卒（建始三年=前30年）。国嗣绝。
菑川国,汉诸侯王,刘辟光,菑川王（反诛）,,齐悼惠王刘肥,,,,-154,-164,-154,
蔡,诸侯侯君,,哀侯,蔡哀侯,,,缪侯,,-675,,-684,035-006。前684年被楚文王虏，留楚九岁死
蔡,诸侯侯君,肸,缪侯,,哀侯,哀侯,庄侯,,,,,035-006/007。前656年与齐桓公事
蔡,诸侯侯君,,灵侯,蔡灵侯,景侯（篡位后的太子）,,,,-531,,-531,035-008。前531年楚灵王诱杀于申，楚灭蔡
蔡,诸侯侯君,齐,,蔡侯齐,,,,,,,-447,035-012。四年楚惠王灭蔡，蔡侯齐亡，蔡遂绝祀（前447年）
蔡,诸侯侯君,,厉侯,蔡厉侯,宫侯,宫侯,武侯,,,,,035-004。蔡仲胡→蔡伯荒→宫侯→厉侯→武侯世系，出自管蔡世家。具体年代不详，约前900-前860年间。
蔡,诸侯侯君,,宫侯,蔡宫侯,蔡伯荒,蔡伯荒,厉侯,,,,,035-004。蔡仲胡→蔡伯荒→宫侯→厉侯→武侯世系，出自管蔡世家。具体年代不详，约前950-前900年间。
蔡,诸侯侯君,荒,蔡伯,蔡伯荒,蔡仲胡,蔡仲胡,宫侯,,,,,035-004。蔡仲胡卒，子蔡伯荒立，出自管蔡世家。具体年代不详，约前1000-前950年间。
蔡,诸侯侯君,度,蔡叔,蔡叔度,周文王,,蔡仲胡,,,-1046,,035-002/003。武王封于蔡，管蔡之乱后被周公放迁而死
蔡,诸侯侯君,胡,蔡仲,,蔡叔度,蔡叔度,蔡伯荒,,,-1040,,035-004。改行率德，周公复封于蔡
蔡,诸侯侯君,,武侯,蔡武侯,厉侯,厉侯,夷侯,,,-863,-837,035-004。厉侯卒，子武侯立；武侯之时周厉王失国奔彘，共和行政，诸侯多叛周。014表：841年蔡武侯二十三年，推算登基年-863；837年蔡夷侯元年，故退位年-837。
蔡,诸侯侯君,,夷侯,,,,,,,-837,,014表格提取
蔡,诸侯侯君,所事,厘侯,,,,,,,-809,,014表格提取
蔡,诸侯侯君,兴,共侯,,,,,,,-761,,014表格提取
蔡,诸侯侯君,,戴侯,,,,,,,-759,,014表格提取
蔡,诸侯侯君,楷论,宣侯,,,,,,,-749,,014表格提取
蔡,诸侯侯君,封人,桓侯,,,,,,,-714,,014表格提取
蔡,诸侯侯君,甲午,庄侯,,,,,,,-645,,014表格提取
蔡,诸侯侯君,申,文侯,,,,,,,-611,,014表格提取
蔡,诸侯侯君,固,景侯,,,,,,,-591,,014表格提取
蔡,诸侯侯君,庐,平侯,蔡平侯,景侯,灵侯,悼侯,,,-528,,035-009。楚平王复立蔡，立景侯少子庐为平侯
蔡,诸侯侯君,东国,悼侯,,,,,,,-521,,014表格提取
蔡,诸侯侯君,,昭侯,蔡昭侯,,,成侯,,-491,-518,-491,035-010/011。前509年朝楚受辱，前491年迁州来后被杀
蔡,诸侯侯君,朔,成侯,蔡成侯,昭侯,昭侯,,,,-491,,035-011。大夫杀昭侯立子朔为成侯
蔡,诸侯侯君,,声侯,,,,,,,-471,,015表格提取
蔡,诸侯侯君,,元侯,,,,,,,-456,,015表格提取
衡山,诸侯王,芮,衡山王,吴芮|番君,,,,,-201,-206,-201,016表。前206年项羽封故番君吴芮为衡山王，都邾。后改为长沙王，子孙世袭。
衡山国,汉诸侯王,刘勃（衡山王）,（衡山王，谋反自杀，无谥）,,淮南厉王刘长,,,,-122,-164,-121,
西周,天子/皇帝,宫湦,幽王,周幽王,宣王,宣王,平王（东迁）,,-771,-781,-771,004-042幽王二年三川地震，004-043废嫡立庶（褒姒、伯服），004-045犬戎灭西周（前771年）幽王死于骊山。
西魏,诸侯王,魏豹,西魏王,豹,魏王咎弟,魏王咎,,,-204,-208,-204,016表。前208年咎弟豹走东阿，后自立为魏王，都平阳。项羽封为西魏王。前204年汉将韩信虏豹，国除。
赵,先祖,造父,,,衡父,,叔带,,,,,周穆王御者，以功赐赵城，始有赵氏之名
赵,晋卿大夫,叔带,,,奄父（公仲）,造父（六世之后）,赵夙,,,,,周幽王时离周入晋，事晋文侯，始建赵氏于晋国
赵,晋卿大夫,共孟,,,赵夙,赵夙,赵衰,,,,,当鲁闵公元年（前661年）生，赵夙之子
赵,晋卿大夫,赵朔,,,赵盾,赵盾,赵武,,-597,,-597,晋景公三年（前597年）下宫之难被杀，娶晋成公姊为夫人，身后生赵武
赵,晋卿大夫,赵景叔,,,赵武（文子）,赵武,赵鞅（简子）,,,,,赵文子之子，其时齐景公使晏婴出使晋国
赵,晋卿大夫,赵鞅,简子,,赵景叔,赵景叔,赵毋恤（襄子）,,-476,,-476,晋顷公九年入周、十二年诛公族，历范中行之乱，专晋权，晋出公十七年卒，谥简子
赵,晋卿大夫,赵夙,,,,叔带（五世之后）,共孟,,,-661,,晋献公十六年（前661年）伐霍为将，赐耿邑
赵,晋卿大夫,赵衰,成季,子馀,共孟,共孟,赵盾,,-622,-636,-622,随晋文公重耳流亡十九年，文公归国后任原大夫，谥成季。晋襄公六年（约前622年）卒
赵,晋卿大夫,赵盾,宣孟,,赵衰,赵衰,赵朔,,,-622,,赵衰卒后代任国政，专权晋国，谥宣孟。晋景公时卒
赵,晋卿大夫,赵武,文子,,赵朔,赵朔,赵景叔,,,-583,,赵氏孤儿，程婴养大，晋景公时复位（约前583年），续赵宗二十七年，晋平公十二年为正卿，谥文子
赵,晋卿大夫,赵毋恤,襄子,,赵鞅（简子）,赵鞅（简子）,赵浣（献侯）,,-425,-476,-425,简子卒后立，联韩魏灭知伯，并代地，立三十三年卒，谥襄子。传位给伯鲁之孙赵浣
赵,晋卿大夫,赵桓子,桓子,,赵鞅（简子）,赵毋恤（襄子）,赵浣（献侯）,,-424,-425,-424,襄子弟，逐献侯自立于代，一年卒。国人以其立非襄子意，杀其子，复迎立献侯
赵,晋卿大夫,赵浣,献侯,,代成君赵周（伯鲁之子）,赵桓子,赵籍（烈侯）,,-409,-424,-409,伯鲁之孙，代成君赵周之子，少即位，治中牟，在位十五年卒。追尊为献侯
赵,诸侯侯君,赵籍,烈侯,,赵浣（献侯）,赵浣（献侯）,赵武公,,-400,-409,-400,烈侯元年魏文侯伐中山。烈侯六年（前403年）魏韩赵皆相立为诸侯，周天子正式承认，追尊献侯。在位九年卒
赵,诸侯侯君,赵武公,武公,,赵浣（献侯）,赵籍（烈侯）,赵章（敬侯）,,-387,-400,-387,烈侯弟，烈侯卒后立，在位十三年卒。后赵复立烈侯太子章为敬侯
赵,诸侯侯君,赵章,敬侯,,赵籍（烈侯）,赵武公,赵种（成侯）,,-375,-387,-375,烈侯太子，武公卒后复立，敬侯元年始都邯郸，在位十二年卒
赵,诸侯侯君,赵种,成侯,,赵章（敬侯）,赵章（敬侯）,赵肃侯,,-350,-375,-350,敬侯子，在位二十五年卒，与魏韩等多次征战
赵,诸侯侯君,赵肃侯,肃侯,,赵种（成侯）,赵种（成侯）,赵雍（武灵王）,,-326,-350,-326,成侯子，在位二十四年卒，曾攻齐拔高唐，筑长城，各国出兵来会葬
赵,诸侯王,赵雍,武灵王,主父,赵肃侯,赵肃侯,赵何（惠文王）,,-295,-326,-299,推行胡服骑射，灭中山，拓北疆。武灵王二十七年传位子何（惠文王），自号主父，后沙丘之乱饿死，谥武灵王
赵,诸侯王,赵何,惠文王,,赵雍（武灵王）,赵雍（武灵王）,赵丹（孝成王）,,-266,-299,-266,武灵王子，惠后吴娃所生，武灵王二十七年立为王，在位三十三年卒，廉颇蔺相如皆其臣
赵,诸侯王,赵丹,孝成王,,赵何（惠文王）,赵何（惠文王）,赵偃（悼襄王）,,-245,-266,-245,惠文王子，在位二十一年卒，长平之战赵军大败，邯郸被围后得救，晚年廉颇失势
赵,诸侯王,赵偃,悼襄王,,赵丹（孝成王）,赵丹（孝成王）,赵迁（幽缪王）,,-236,-245,-236,孝成王子，在位九年卒，废嫡子嘉立庶子迁，李牧曾为其将攻燕
赵,诸侯王,赵迁,幽缪王,,赵偃（悼襄王）,赵偃（悼襄王）,赵嘉（代王，赵亡后续立）,,,-236,-228,悼襄王庶子，母为倡女。在位七年，诛李牧，秦攻破邯郸，赵迁降秦（前228年），赵亡
赵,诸侯王,赵嘉,,代王嘉,赵偃（悼襄王）,赵迁（幽缪王）,,,-222,-228,-222,悼襄王嫡子，邯郸破后赵亡大夫共立嘉为王，王代六年（前228-前222年），秦进兵破嘉，遂灭赵
赵国,汉诸侯王,刘友,赵幽王,,高祖刘邦,,赵王刘遂,,-181,-198,,
赵国,汉诸侯王,刘遂,（赵王，七国之乱自杀，无谥）,赵王遂,赵幽王刘友,赵幽王刘友,,,-154,-180,-154,
赵国,汉诸侯王,刘彭祖,赵王（赵敬肃王）,,景帝刘启,,（后嗣）,,,-155,,
赵（歇）,诸侯王,歇,赵王歇,赵歇,,赵王武臣,,,-204,-208,-204,016表。前208年端月张耳、陈余立赵歇为赵王。项羽封为代王。前204年汉将韩信灭赵，歇被杀。
赵（武臣）,诸侯王,武臣,赵王,,,,赵王歇,,-208,-209,-208,016表。前209年八月武臣至邯郸自立为赵王。前208年十一月李良杀武臣，张耳、陈余走。
越,诸侯王,,允常,,,,句践,,-496,,-496,041-002/003。与吴王阖庐争战相怨
越,诸侯王,,无彊,,,,,,-334,,-334,041-017/018。约前334年伐楚败亡于楚威王，越国散亡
越,诸侯王,句践,句践,越王句践,允常,允常,鼫与,,-465,-496,-465,041-003-015。前496年即位，夫椒败于吴，卧薪尝胆，前473年灭吴称霸，春秋五霸之一
越,诸侯王,鼫与,,,句践,句践,不寿,,,-465,,041-017。越国世系，句践后传鼫与
郑,诸侯侯君,乙,郑君乙,,,,,,-375,,-375,042-023。二十一年韩哀侯灭郑（前375年），郑亡
郑,诸侯侯君,友,桓公,郑桓公,周厉王,,武公掘突,,-771,-806,-771,042-001/003。宣王二十二年（前806年）受封，前771年犬戎杀幽王并杀桓公
郑,诸侯侯君,掘突,武公,郑武公,桓公友,桓公,庄公,,-744,-770,-744,042-004。前770年立国
郑,诸侯侯君,,庄公,郑庄公,武公,武公,昭公忽,,-701,-743,-701,042-005-007。在位43年，共叔段之乱（前722年），前707年侵周射王
郑,诸侯侯君,忽,昭公,郑昭公,庄公,庄公（祭仲立）,厉公突（祭仲再改立）,,-695,-701,-695,042-008/010。祭仲立太子忽，旋被宋逼改立突；昭公复位二年被高渠弥弑（前695年）
郑,诸侯侯君,突,厉公,郑厉公,庄公,昭公（被立/被杀）,郑子（守寡子）,,-672,-701,-697,042-008/009/012/013。多次反复，前680年复入，前673年入惠王于周，前672年卒
郑,诸侯侯君,子亹,,,,,,,,-694,,014表格提取
郑,诸侯侯君,子婴,,,,,,,,-693,,014表格提取
郑,诸侯侯君,捷,文公,,,,,,,-672,,014表格提取
郑,诸侯侯君,兰,穆公,,,,,,,-627,,014表格提取
郑,诸侯侯君,夷,灵公,,,,,,,-605,,014表格提取
郑,诸侯侯君,坚,襄公,,,,,,,-604,,014表格提取
郑,诸侯侯君,费,悼公,,,,,,,-586,,014表格提取
郑,诸侯侯君,睔,成公,,,,,,,-584,,014表格提取
郑,诸侯侯君,恽,厘公,,,,,,,-570,,014表格提取
郑,诸侯侯君,,简公,,,,釐公,,,-565,,042-020。十二年子产为卿执政（前554年）
郑,诸侯侯君,宁,定公,郑定公,简公嘉,简公,献公虿,,,-529,-516,042-019。三十六年简公卒，子定公宁立。十三年定公卒，子献公虿立。014表：529年郑定公宁元年，513年郑献公虿元年，故在位-529至-516。注：rulers.json中郑声公的登基年-529有误，应为-500。
郑,诸侯侯君,虿,献公,,,,,,,-513,,014表格提取
郑,诸侯侯君,,声公,,,定公,,,,-500,,042-022。五年子产卒（前522年）；登基年据014表-500年修正（原误为-529）
郑,诸侯侯君,,哀公,,,,,,,-462,,015表格提取
郑,诸侯侯君,,幽公,,,,,,,-423,,015表格提取
郑,诸侯侯君,,康公,,,,,,,-395,,015表格提取
长沙国,汉诸侯王,刘庸,长沙康王,,刘发（长沙定王）,长沙定王,长沙王（刘鲋鮈）,,,,,059五宗世家。长沙定王发子，立二十八年卒。
长沙国,汉诸侯王,刘鲋鮈,,,刘庸（长沙康王）,长沙康王,,,,,,059五宗世家。长沙康王庸子，立为长沙王。谥号史记未载。
长沙国,汉诸侯王,刘发,长沙定王,,景帝刘启,,（后嗣）,,-128,-155,,
闽越,诸侯王,郢,闽越王郢,,,闽越王无诸,越繇王丑（汉立）,,-135,,-135,114-003建元六年闽越王郢击南越，汉遣将讨之。郢弟馀善与相宗族谋杀郢，奉头降汉。
闽越,诸侯王,无诸,闽越王,驺无诸,越王句践后裔,,闽越王郢,,,-202,,114-000汉五年复立无诸为闽越王，王闽中故地，都东冶。
闽越,诸侯王,丑,越繇王,繇君丑,无诸孙,闽越王郢,东越王馀善,,,-135,,114-003汉遣郎中将立无诸孙繇君丑为越繇王，奉闽越先祭祀。
陈,诸侯侯君,,厉公,陈厉公,,,庄公,,-707,,-707,036-003。以母蔡女之故得立，生子敬仲完，前707年被蔡人诱杀
陈,诸侯侯君,,宣公,,,,穆公,,,,,036-003。杀太子御寇，敬仲完惧祸奔齐
陈,诸侯侯君,,灵公,陈灵公,,,成公,,-599,,-599,036-005。通于夏姬，前599年被夏徵舒射杀
陈,诸侯侯君,,哀公,陈哀公,,,留（短暂）,,-534,,-534,036-007。三十四年，弟司徒招杀悼太子；哀公自经；楚灵王前534年灭陈
陈,诸侯侯君,,怀公,陈怀公,惠公,惠公,湣公越,,-503,,-503,036-009。四年如吴，吴留之，怀公卒于吴
陈,诸侯侯君,满,胡公,陈胡公满,,,申公,,,-1046,,036-001。虞帝舜后，武王封于陈以奉帝舜祀
陈,诸侯侯君,宁,幽公,陈幽公,,,厘公孝,,,-854,,036章世系推算。014表：841年陈幽公宁十四年，推算登基年-854。陈胡公满之后，厘公孝（-831年）之前的君主。
陈,诸侯侯君,孝,厘公,,,,,,,-831,,014表格提取
陈,诸侯侯君,灵,武公,,,,,,,-795,,014表格提取
陈,诸侯侯君,说,夷公,,,,,,,-780,,014表格提取
陈,诸侯侯君,燮,平公,,,,,,,-777,,014表格提取
陈,诸侯侯君,圉,文公,,,,,,,-754,,014表格提取
陈,诸侯侯君,,桓公,,,,,,,-744,,014表格提取
陈,诸侯侯君,林,庄公,,,,,,,-699,,014表格提取
陈,诸侯侯君,款,穆公,,,,,,,-647,,014表格提取
陈,诸侯侯君,朔,共公,,,,,,,-631,,014表格提取
陈,诸侯侯君,午,成公,陈成公,灵公,夏徵舒（篡）,,,,-598,,036-006。楚庄王伐陈诛徵舒后，迎灵公太子午于晋立为成公
陈,诸侯侯君,吴,惠公,陈惠公,,,怀公,,,-529,,036-008。楚平王复立，立悼太子师之子吴为惠公
陈,诸侯侯君,越,湣公,陈湣公,怀公,怀公,,,-478,-502,-478,036-009/011。前478年楚惠王杀湣公灭陈
雍,诸侯王,章邯,雍王,,,,,,-205,-206,-205,016表。前206年十二月章邯降楚，项羽封为雍王，都废丘。前205年汉杀邯于废丘，国除。
韩,晋卿大夫,万,韩武子,,,,韩赇伯（韩武子之子）,,,-670,,045韩世家。韩之先与周同姓姬氏，苗裔事晋，得封于韩原，曰韩武子。武子后三世有韩厥。约前670年封于韩原，具体名字史记未载，后世推考名万。
韩,晋卿大夫,厥,韩献子,,韩武子曾孙（具体父名未载）,韩武子（三世之后）,韩起（韩宣子）,,-560,-589,-566,045韩世家。晋景公十一年（前589年）伐齐败齐顷公于鞍，晋作六卿，韩厥在一卿之位，号为献子。景公十七年感景公复赵武故田邑，续赵氏祀。晋悼公七年（约前566年）老退，子宣子代。
韩,晋卿大夫,起,韩宣子,,韩厥（韩献子）,韩厥（韩献子）,韩须（韩贞子）,,-514,-566,,045韩世家。献子卒子宣子代，宣字（迁居）徙居州。晋平公十四年（前544年）吴季札使晋，言晋国之政卒归于韩、魏、赵。晋顷公十二年（前514年）宣子与赵、魏共分祁氏、羊舌氏十县。宣子卒，子贞子代立。
韩,晋卿大夫,须,韩贞子,,韩起（韩宣子）,韩起（韩宣子）,韩不信（韩简子）,,,-514,,045韩世家。宣子卒，子贞子代立，贞子徙居平阳。贞子卒，子简子代。在位年限不详，约前514—前490年间。
韩,晋卿大夫,不信,韩简子,,韩须（韩贞子）,韩须（韩贞子）,韩庚（韩庄子）,,,-490,,045韩世家。贞子卒，子简子代。简子卒，子庄子代。在位年限不详，约前490—前480年间。
韩,晋卿大夫,庚,韩庄子,,韩不信（韩简子）,韩不信（韩简子）,韩虎（韩康子）,,,-480,,045韩世家。简子卒，子庄子代。庄子卒，子康子代。在位年限不详，约前480—前453年前。
韩,晋卿大夫,虎,韩康子,,韩庚（韩庄子）,韩庚（韩庄子）,韩处（韩武子）,,-424,-453,,045韩世家。庄子卒，子康子代。康子与赵襄子、魏桓子共败知伯（前453年），分其地，地益大，大于诸侯。康子卒，子武子代。
韩,晋卿大夫,处,韩武子,,韩虎（韩康子）,韩虎（韩康子）,韩虔（韩景侯）,,-408,-424,,045韩世家。康子卒，子武子代。武子二年伐郑，杀其君幽公（前422年）。十六年武子卒，子景侯立（前408年）。注意此韩武子为战国初期人物，与开国先祖韩武子（封韩原者）同谥，为不同人。
韩,诸侯侯君,虔,韩景侯,,韩处（韩武子）,韩处（韩武子）,韩取（韩列侯）,,-400,-408,,045韩世家。武子十六年卒，子景侯立。景侯元年伐郑取雍丘，六年（前403年）与赵、魏俱得列为诸侯，周威烈王正式承认。九年（前400年）景侯卒，子列侯取立。
韩,诸侯侯君,取,韩列侯,,韩虔（韩景侯）,韩虔（韩景侯）,韩文侯,,-387,-400,,045韩世家。景侯卒，子列侯取立。列侯三年聂政杀韩相侠累，九年秦伐我宜阳取六邑，十三年（前387年）列侯卒，子文侯立。
韩,诸侯侯君,,韩文侯,,韩取（韩列侯）,韩取（韩列侯）,韩哀侯,,-377,-387,,045韩世家。列侯卒，子文侯立。文侯二年伐郑取阳城，伐宋到彭城执宋君；七年伐齐至桑丘；十年（前377年）文侯卒，子哀侯立。名不详，史记未载。
韩,诸侯侯君,,韩哀侯,,韩文侯,韩文侯,韩懿侯,,-371,-377,,045韩世家。文侯卒，子哀侯立。哀侯元年与赵、魏分晋国；二年（前375年）灭郑，因徙都郑。六年（前371年）韩严弑其君哀侯，子懿侯立。名不详，史记未载。
韩,诸侯侯君,,韩懿侯,,韩哀侯,韩哀侯,韩昭侯,,-359,-371,,045韩世家。哀侯被弑，子懿侯立。懿侯二年魏败我马陵，五年与魏惠王会宅阳，九年魏败我澮，十二年（前359年）懿侯卒，子昭侯立。名不详，史记未载。
韩,诸侯侯君,,韩昭侯,,韩懿侯,韩懿侯,韩宣惠王,,-333,-359,,045韩世家。懿侯卒，子昭侯立。昭侯八年（前351年）申不害相韩，修术行道，国内以治。昭侯十年韩姬弑其君悼公（此处'悼公'疑为昭侯时期旁支）。二十二年申不害死，二十六年（前333年）高门成，昭侯卒，子宣惠王立。名不详，史记未载。
韩,诸侯王,,韩宣惠王,韩威侯,韩昭侯,韩昭侯,韩襄王,,-312,-333,,045韩世家。昭侯卒，子宣惠王立。宣惠王十一年（前323年）始称王号。二十一年（前312年）宣惠王卒，太子仓立，是为襄王。名不详，史记未载。
韩,诸侯王,仓,韩襄王,,韩宣惠王,韩宣惠王,韩釐王,,-296,-312,,045韩世家。宣惠王卒，太子仓立，是为襄王。襄王四年与秦武王会临晋，五年秦拔宜阳斩首六万。十四年与齐、魏王共击秦至函谷。十六年（前296年）襄王卒，太子咎立，是为釐王。
韩,诸侯王,咎,韩釐王,,韩仓（韩襄王）,韩仓（韩襄王）,韩桓惠王,,-273,-296,,045韩世家。襄王卒，太子咎立，是为釐王。釐王三年（前293年）伊阙之战，秦败韩二十四万，虏公孙喜。二十三年（前273年）华阳之战，是岁釐王卒，子桓惠王立。
韩,诸侯王,,韩桓惠王,,韩咎（韩釐王）,韩咎（韩釐王）,韩王安,,-239,-273,,045韩世家。釐王卒，子桓惠王立。桓惠王九年（前264年）秦拔我陉；十年（前263年）上党郡守降赵，导致长平之战；三十四年（前239年）桓惠王卒，子王安立。名不详，史记未载。
韩,诸侯王,安,韩王安,,韩桓惠王,韩桓惠王,,,-230,-239,-230,045韩世家。桓惠王卒，子王安立。王安五年（前234年）秦攻韩，使韩非使秦，秦留非因杀之。九年（前230年）秦虏王安，尽入其地，为颍州郡，韩遂亡。韩为六国中最先被秦灭亡者。
韩（成）,诸侯王,韩成,韩王成,,,,韩王郑昌,,-206,-208,-206,016表。前208年六月张良等立韩成为韩王，都阳翟。前206年项羽诛成，另立郑昌为韩王。
韩（郑昌）,诸侯王,郑昌,韩王郑昌,,,韩王成,韩王信,,,-206,-205,016表。前206年项羽诛韩成，立郑昌为韩王。前205年项羽使立之，后韩王信取代。
高密国,汉诸侯王,刘弘,高密王,,刘胥（广陵王）,,,,,-73,,060三王世家（褚先生曰）。广陵王胥最爱少子，宣帝本始元年（前73年）立为高密王。
魏,先祖,高,毕公高,,周文王,,毕万,,,,,周文王之子，周武王伐纣后封于毕，为毕姓始祖，魏氏远祖。来源：044魏世家
魏,晋卿大夫,悼子,魏悼子,,魏武子,魏武子,魏绛,,,,,魏武子之子，徙治霍地。来源：044魏世家
魏,晋卿大夫,嬴,,魏嬴,魏绛,魏绛,魏献子,,,,,魏绛之子，魏献子之父，文本仅提及其名，无详细事迹记载。来源：044魏世家
魏,晋卿大夫,侈,,魏侈,魏献子,魏献子,魏桓子,,,,,魏献子之子，与赵鞅共攻范氏、中行氏。魏桓子之祖父。来源：044魏世家
魏,晋卿大夫,毕万,,,毕公高后裔（名不详）,,魏武子,,,-661,,毕公高之苗裔，事晋献公。晋献公十六年（约前661年）以御右身份随军灭霍、耿、魏，受封魏地为大夫，子孙遂改称魏氏。来源：044魏世家
魏,晋卿大夫,武子,魏武子,,毕万,毕万,魏悼子,,,-636,,毕万之子，以魏诸子身份事晋公子重耳，晋文公立（约前636年）后袭魏氏封邑，列为大夫，治于魏地。来源：044魏世家
魏,晋卿大夫,绛,魏昭子,魏绛,魏悼子,魏悼子,魏嬴,,,-572,,魏悼子之子，事晋悼公，晋悼公三年（约前572年）始受重用，和戎翟九合诸侯有功，受乐赐，徙治安邑，卒谥昭子。来源：044魏世家
魏,晋卿大夫,献子,魏献子,,魏嬴,魏嬴,魏侈,,,-514,,魏嬴之子，晋顷公十二年（约前514年）韩宣子老后执晋国政，与赵简子、中行文子、范献子并为晋卿，六卿灭祁氏、羊舌氏。来源：044魏世家
魏,晋卿大夫,桓子,魏桓子,,魏侈之子（名不详）,魏侈,魏文侯,,,-453,,魏侈之孙，约前453年与韩康子、赵襄子共伐灭知伯，三分其地。魏文侯之祖父。来源：044魏世家
魏,诸侯侯君,都,魏文侯,,魏桓子之子（名不详）,魏桓子,魏武侯,,-387,-424,,魏桓子之孙，元年约前424年（与秦灵公元年同），前403年周威烈王正式命为诸侯，在位38年卒。礼贤下士，任李悝变法、吴起练兵，奠魏国霸业之基。来源：044魏世家
魏,诸侯侯君,击,魏武侯,子击,魏文侯,魏文侯,魏惠王,,-370,-395,,魏文侯之子，文侯38年（约前387年）卒后即位，在位16年卒。文本记武侯十六年伐楚取鲁阳后卒，武侯十一年与韩赵三分晋地。来源：044魏世家
魏,诸侯王,罃,魏惠王,梁惠王,魏武侯,魏武侯,魏襄王,,-319,-370,,魏武侯之子，即位初韩赵合攻几亡。迁都大梁，故亦称梁惠王。文本记36年后卒，实际有后元年号，通行卒年约前319年。马陵之战太子申被俘，庞涓阵亡。来源：044魏世家
魏,诸侯王,嗣,魏襄王,,魏惠王,魏惠王,魏哀王,,-296,-319,,魏惠王之子，元年于徐州与诸侯相王，追尊父惠王为王。文本记16年卒，通行卒年前296年。与秦多次割地求和。来源：044魏世家
魏,诸侯王,圉,魏昭王,,魏哀王,魏哀王,魏安釐王,,-243,-277,,魏哀王之子，文本记19年卒，通行卒年前243年。伊阙之战损兵二十四万，屡割地予秦。来源：044魏世家
魏,诸侯王,遫,魏安釐王,,魏昭王,魏昭王,魏景湣王,,-242,-243,,魏昭王之子，文本记34年卒，通行卒年前242年。其弟信陵君无忌窃符救赵，后率五国伐秦败之河外。来源：044魏世家
魏,诸侯王,增,魏景湣王,,魏安釐王,魏安釐王,魏王假,,-228,-242,,魏安釐王太子，安釐王34年立为景湣王，在位15年卒。秦拔魏大量城邑，置东郡。其子王假嗣位。来源：044魏世家
魏,诸侯王,假,魏王假,,魏景湣王,魏景湣王,,,-225,-227,-225,魏景湣王之子，景湣王卒后立，在位3年。秦引河水灌大梁，城破被虏，魏国灭亡（前225年）。来源：044魏世家
魏（咎）,诸侯王,咎,魏王咎,魏王咎,,,魏豹,,-208,-209,-208,016表。前209年魏王咎立，都临济。前208年十月章邯围临济，咎自杀，国降秦。
鲁,诸侯侯君,,幽公,,,,魏公晞,,-973,,-973,033-013。在位十四年，弟晞杀幽公自立为魏公
鲁,诸侯侯君,,武公,,,,懿公,,-816,,-816,033-014。九年朝周宣王，宣王废长立少（弟戏）为懿公
鲁,诸侯侯君,,顷公,鲁顷公,,,,,,,-256,033-030。前256年楚考烈王灭鲁于徐州，鲁顷公出奔，鲁绝祀
鲁,诸侯侯君,丘,,孔子、仲尼,叔梁纥,,,-551,-479,,,047-001/018。前551年生于鲁昌平乡陬邑，前479年哀公十六年卒
鲁,诸侯侯君,伯禽,鲁公,鲁公伯禽,周公旦,,,,,-1042,,033-011/012。周公子就封于鲁，三年报政周公
鲁,诸侯侯君,戏,懿公,,武公,武公,孝公,,-807,-816,-807,033-014/015。武公少子，宣王废长立之；九年被兄括之子伯御弑
鲁,诸侯侯君,称,孝公,,武公,伯御（短暂）,,,,-806,,033-015。宣王伐鲁杀伯御，立称于夷宫为孝公
鲁,诸侯侯君,弗湦,惠公,,,,,,,-768,,014表格提取
鲁,诸侯侯君,,隐公,,,,桓公,,-712,-722,-712,033-017。前712年十一月，公子挥使人杀隐公于蔿氏，立允为桓公
鲁,诸侯侯君,允,桓公,鲁桓公,,隐公,庄公,,-694,-711,-694,033-018。前694年被齐襄公杀于齐
鲁,诸侯侯君,,庄公,鲁庄公,桓公,桓公,闵公/公子般,,-662,-693,-662,033-019/020。在位32年，庆父之乱
鲁,诸侯侯君,,釐公,,庄公,闵公（被庆父杀）,,,,-660,,033-021。季友立釐公，诛庆父，前660年
鲁,诸侯侯君,兴,文公,,,,,,,-626,,014表格提取
鲁,诸侯侯君,俀,宣公,,,,,,,-608,,014表格提取
鲁,诸侯侯君,黑肱,成公,,,,,,,-590,,014表格提取
鲁,诸侯侯君,午,襄公,,,,,,,-572,,014表格提取
鲁,诸侯侯君,,昭公,鲁昭公,,,定公,,-510,-541,-510,033-024/025。前517年伐季氏败，奔齐，前510年卒于乾侯
鲁,诸侯侯君,,定公,鲁定公,,昭公,哀公,,,-509,,033-026/027。前500年夹谷之会，孔子行相事
鲁,诸侯侯君,,哀公,鲁哀公,,定公,,,,-494,,033-029。前479年孔子卒，前468年哀公欲以越伐三桓
鲁,诸侯侯君,,悼公,,,,,,,-466,,015表格提取
鲁,诸侯侯君,,元公,,,,,,,-428,,015表格提取
鲁,诸侯侯君,,穆公,,,,,,,-407,,015表格提取
鲁,诸侯侯君,,共公,,,,,,,-376,,015表格提取
鲁,诸侯侯君,,康公,,,,,,,-352,,015表格提取
鲁,诸侯侯君,偃,景公,,,,,,,-343,,015表格提取
鲁,诸侯侯君,,平公,,,,,,,-314,,015表格提取
鲁,诸侯侯君,,文公,,,,,,,-295,,015表格提取
鲁国,汉诸侯王,刘光,,,刘余（鲁共王）,鲁共王,,,,,,059五宗世家。鲁共王余子，立为鲁王。初好音舆马；晚节啬，惟恐不足于财。谥号史记未载。
鲁国,汉诸侯王,刘余,鲁共王,,景帝刘启,,（后嗣）,,-129,-153,,
齐,诸侯侯君,,哀公,,,,胡公,,-885,,-885,032-006。纪侯谮于周，周厉王烹哀公，立其弟静为胡公
齐,诸侯侯君,,庄公（前）,,,武公,厘公,,,,,武公子，在位数年。后传厘公，厘公传襄公
齐,诸侯侯君,,顷公,齐顷公,,,灵公,,,,,032-028。前589年鞍之战败于晋
齐,诸侯侯君,,庄公（后）,齐庄公,,灵公,景公,,-548,,-548,032-024。前548年崔杼弑庄公
齐,诸侯侯君,,康公,齐康公,,,,,-379,,-386,032-033/034。前386年田和代齐，前379年康公卒，姜氏吕氏绝祀
齐,诸侯侯君,吕尚,太公,太公望、师尚父,,,丁公吕伋,,,-1046,,032-003。武王封于齐营丘，周朝开国功臣
齐,诸侯侯君,静,胡公,,,哀公,献公,,,-885,-859,032-006/007。哀公弟，徙都薄姑
齐,诸侯侯君,山,献公,,,胡公,武公,,,-859,,032-008。哀公同母少弟，杀胡公自立，都临菑
齐,诸侯侯君,无忌,厉公,,,,,,,-824,,014表格提取
齐,诸侯侯君,赤,文公,,,,,,,-815,,014表格提取
齐,诸侯侯君,弗生,穆侯,,,,,,,-811,,014表格提取
齐,诸侯侯君,说,成公,,,,,,,-803,,014表格提取
齐,诸侯侯君,禄父,厘公,,,,,,,-730,,014表格提取
齐,诸侯侯君,,襄公,齐襄公,,厘公（前齐）,无知（短暂）,,-686,-697,-686,032-010/011。前694年杀鲁桓公，前686年冬被无知弑
齐,诸侯侯君,,桓公,小白、齐桓公,厘公,无知（短暂）,孝公,,-643,-685,-643,032-012。前685年入齐即位，任管仲，春秋五霸之首，前643年卒（032-021）
齐,诸侯侯君,,孝公,,桓公,桓公,昭公,,,-642,,032-023。宋立孝公，前642年
齐,诸侯侯君,潘,昭公,,,,,,,-632,,014表格提取
齐,诸侯侯君,商人,懿公,,,,,,,-612,,014表格提取
齐,诸侯侯君,元,惠公,,,,,,,-608,,014表格提取
齐,诸侯侯君,环,灵公,,,,,,,-581,,014表格提取
齐,诸侯侯君,,景公,齐景公,,庄公,晏孺子荼（短暂）,,-490,-548,-490,032-025/029/030。在位58年，前548-前490年
齐,诸侯侯君,,悼公,阳生,景公,晏孺子（废）,简公,,-485,-489,-485,032-031。田乞立阳生为悼公，前489年
齐,诸侯侯君,,简公,齐简公,,悼公,平公,,-481,-485,-481,032-032。前481年田常弑简公
齐,诸侯侯君,,平公,骜,,简公,,,,-481,,032-032。简公弟，田常立为平公
齐,诸侯侯君,就匝,宣公,,,,,,,-455,,015表格提取
齐,诸侯王,,威王,,,,,,,-378,,015表格提取
齐,诸侯王,辟彊,宣王,,,,,,,-342,,015表格提取
齐,诸侯王,地,湣王,,,,,,,-323,,015表格提取
齐,诸侯王,法章,襄王,,,,,,,-283,,015表格提取
齐,诸侯侯君,王建,,,,,,,,-264,,015表格提取
齐,诸侯王,田儋,王,,,,,,,-209,,016表格提取
齐,诸侯王,田荣,王,,,,,,,-206,,016表格提取
齐,诸侯王,田广,王,,,,,,,-205,,016表格提取
齐,诸侯王,韩信,王,,,,,,,-203,,016表格提取
齐国,汉诸侯王,刘肥,齐悼惠王,,高祖刘邦（母曹氏）,,齐哀王刘襄,,-189,-201,,
齐国,汉诸侯王,刘襄,齐哀王,,齐悼惠王刘肥,齐悼惠王刘肥,齐文王,,-179,-189,,
齐国,汉诸侯王,（名不详）,齐文王,,齐哀王刘襄,齐哀王刘襄,（文帝十六年分齐，立孝王将闾等）,,-165,-179,-164,
齐国,汉诸侯王,刘将闾,齐孝王,,齐悼惠王刘肥,（齐文王后分齐重封）,齐厉王刘次昌,,-154,-164,,
齐国,汉诸侯王,刘次昌,齐厉王,,齐孝王刘将闾,齐孝王刘将闾,,,-127,-154,-127,
齐国,汉诸侯王,刘寿,齐懿王,,刘将闾（齐孝王）,齐孝王,齐厉王,,-127,-154,-127,052齐悼惠王世家。孝王太子，七国之乱后孝王饮药自杀，立太子寿为齐王，是为懿王。立二十二年卒，子次景（厉王）立。
齐国,汉诸侯王,刘闳,（齐王，早卒无谥）,,武帝刘彻,,,,-113,-117,-113,
齐（田齐）,齐卿大夫,田孟夷,,田稺孟夷,陈完（田完）,陈完,田湣孟庄,,,,,046田敬仲完世家。陈完之子，生田湣孟庄。
齐（田齐）,齐卿大夫,田湣孟庄,,,田孟夷,田孟夷,田文子,,,,,046田敬仲完世家。田孟夷之子，生田文子须无。
齐（田齐）,齐卿大夫,田须无,,田文子,田湣孟庄,田湣孟庄,田桓子,,,,,046田敬仲完世家。田湣孟庄之子，事齐庄公为大夫。曾与晏婴谏庄公勿厚客晋叛臣栾逞，庄公弗听。
齐（田齐）,齐卿大夫,田无宇,,田桓子,田文子须无,田文子,田釐子,,,,,046田敬仲完世家。田文子之子，有力，事齐庄公甚有宠。生武子开与釐子乞。
齐（田齐）,齐卿大夫,田乞,,田釐子,田桓子无宇,田桓子,田成子,,-485,,-485,046田敬仲完世家。田桓子次子，事齐景公为大夫。以大斗出贷小斗收赋，行阴德收齐众心。驱逐高昭子、国惠子，迎立阳生（齐悼公），为相专政。约前485年卒，子田常代立。
齐（田齐）,齐卿大夫,田白,,田庄子,田襄子盘,田襄子,田太公,,,,,046田敬仲完世家。田襄子之子，相齐宣公。宣公四十三年伐晋、伐鲁。卒，子田和（太公）立。
齐（田齐）,齐卿大夫,陈完,敬仲,田完,陈厉公他,,田孟夷,,,-672,,046田敬仲完世家。陈国公子，陈宣公二十一年（前672年）奔齐，齐桓公使为工正，齐懿仲以女妻之。卒谥敬仲。以陈字为田氏，为田氏始祖。
齐（田齐）,齐卿大夫,田常,成子,田恒；田成子,田釐子乞,田釐子,田襄子,,-456,-485,-456,046田敬仲完世家。田釐子之子，前485年代父立，相齐简公。前481年弑简公，立平公，为相专政。诛鲍、晏及公族强者，自封安平以东至琅邪为邑。卒谥成子，有七十余男。约前456年卒。
齐（田齐）,齐卿大夫,田盘,,田襄子,田成子常,田成子,田庄子,,,-456,,046田敬仲完世家。田成子之子，代立相齐，相齐宣公。使其兄弟宗人尽为齐都邑大夫，与三晋通使。卒，子田白（庄子）立。
齐（田齐）,诸侯侯君,田和,太公,田太公,田庄子白,田庄子,田桓公,,-384,-386,-384,046田敬仲完世家。田庄子之子，相齐宣公，后迁齐康公于海上，专齐政。齐康公十九年（前386年）被周威烈王正式封为齐侯，田氏正式取代姜氏，纪元年。立二年（前384年）卒，子桓公午立。
齐（田齐）,诸侯侯君,田午,桓公,田桓公,田太公和,田太公,齐威王,,-357,-384,-357,046田敬仲完世家。田太公之子，前384年即位。在位六年时与韩、秦之争，谋阴告韩使者。立六年卒（前357年），子威王因齐立。是岁故齐康公卒，绝无后，奉邑皆入田氏。
齐（田齐）,诸侯王,田因齐,威王,齐威王,田桓公午,田桓公,齐宣王,,-320,-357,-320,046田敬仲完世家。田桓公之子，前357年即位。初不治，委政卿大夫九年。后励精图治，选贤任能，烹阿大夫，败魏于浊泽，围梁惠王。26年败魏于桂陵。自称为王。在位三十六年，前320年卒，子宣王辟彊立。
齐（田齐）,诸侯王,田辟彊,宣王,齐宣王,齐威王田因齐,齐威王,齐湣王,,-301,-320,-301,046田敬仲完世家。威王之子，前320年即位。前319年大败魏于马陵，杀庞涓，虏魏太子申。与魏襄王会徐州，诸侯相王。喜文学游说之士，稷下学宫复盛。在位十九年，前301年卒，子湣王地立。
齐（田齐）,诸侯王,田地,湣王,齐湣王；齐闵王,齐宣王田辟彊,齐宣王,齐襄王,,-284,-301,-284,046田敬仲完世家。宣王之子，前301年即位。前288年自称东帝（旋去帝号）。前286年灭宋，欲并周室称天子。四十年（前284年）燕秦楚三晋合攻，败于济西，燕将乐毅入临淄。湣王出亡，走莒，被楚将淖齿所杀。
齐（田齐）,诸侯王,田法章,襄王,齐襄王,齐湣王田地,齐湣王,齐王建,,-265,-284,-265,046田敬仲完世家。湣王之子，湣王遇杀后变名姓藏于太史敫家为庸，莒人共立之为襄王（前284年）。在莒五年，田单以即墨攻破燕军（前279年），迎襄王于莒，入临淄，齐故地尽复。娶太史敫女为君王后，生子建。在位十九年，前265年卒，子建立。
齐（田齐）,诸侯王,田建,,齐王建；君王建,齐襄王田法章,齐襄王,,,-221,-265,-221,046田敬仲完世家。襄王之子，前265年即位，君王后辅政。君王后贤，事秦谨，故建立四十余年不受兵。前221年秦兵击齐，听相后胜计不战，以兵降秦。秦虏王建，迁之共（松柏之地）。遂灭齐为郡，天下一并于秦。齐人怨建不与诸侯合从，歌之曰『松耶柏耶？住建共者客耶』。
